-- phpMyAdmin SQL Dump
-- version 4.2.11
-- http://www.phpmyadmin.net
--
-- Host: 127.0.0.1
-- Generation Time: Apr 15, 2020 at 05:59 AM
-- Server version: 5.6.21
-- PHP Version: 5.6.3

SET SQL_MODE = "NO_AUTO_VALUE_ON_ZERO";
SET time_zone = "+00:00";


/*!40101 SET @OLD_CHARACTER_SET_CLIENT=@@CHARACTER_SET_CLIENT */;
/*!40101 SET @OLD_CHARACTER_SET_RESULTS=@@CHARACTER_SET_RESULTS */;
/*!40101 SET @OLD_COLLATION_CONNECTION=@@COLLATION_CONNECTION */;
/*!40101 SET NAMES utf8 */;

--
-- Database: `app_pos_senja_db`
--

-- --------------------------------------------------------

--
-- Table structure for table `ms_barang`
--

CREATE TABLE IF NOT EXISTS `ms_barang` (
`id_barang` int(5) NOT NULL,
  `kode_barang` char(5) NOT NULL,
  `kode_barcode` varchar(40) NOT NULL,
  `nama_barang` varchar(100) NOT NULL,
  `id_kategori` char(4) NOT NULL,
  `harga_jual` int(10) NOT NULL,
  `id_merk` char(10) NOT NULL,
  `referensi_barang` int(2) NOT NULL,
  `stok_barang` int(6) NOT NULL,
  `keterangan_barang` text NOT NULL,
  `status_barang` enum('Active','Non Active') NOT NULL,
  `ukuran_barang` varchar(15) DEFAULT NULL
) ENGINE=MyISAM AUTO_INCREMENT=88 DEFAULT CHARSET=latin1 ROW_FORMAT=DYNAMIC;

--
-- Dumping data for table `ms_barang`
--

INSERT INTO `ms_barang` (`id_barang`, `kode_barang`, `kode_barcode`, `nama_barang`, `id_kategori`, `harga_jual`, `id_merk`, `referensi_barang`, `stok_barang`, `keterangan_barang`, `status_barang`, `ukuran_barang`) VALUES
(1, 'B0001', 'FS01', 'FALLSERIES 01', '1', 200000, '1', 1, 0, 'Model di bulan November', 'Active', 'ALL SIZE'),
(2, 'B0002', 'EA01', 'EID ADHA 01', '1', 159000, '1', 2, 0, 'model bulan november', 'Non Active', 'ALL SIZE'),
(3, 'B0003', 'LS01', 'LEAF SERIES 01', '1', 189000, '1', 3, 34, 'Model Desember', 'Active', '115 X 115'),
(4, 'B0004', 'LS02', 'LEAF SERIES 02', '1', 189000, '1', 4, 0, 'Model desember', 'Non Active', '115 X 115'),
(5, 'B0005', 'BS01', 'KAOS OLONG', '3', 50000, '1', 5, 100, 'barang erza', 'Active', 'M'),
(6, 'B0006', 'LS1', 'LEAF SERIES', '1', 189000, '1', 6, 1, '', 'Active', '115'),
(7, 'B0007', 'LS2', 'LEAF SERIES', '1', 189000, '1', 7, 7, '', 'Active', '115'),
(8, 'B0008', 'LS3', 'LEAF SERIES', '1', 189000, '1', 8, 0, '', 'Active', '115'),
(9, 'B0009', 'LS4', 'LEAF SERIES', '1', 189000, '1', 9, 0, '', 'Active', '115'),
(10, 'B0010', 'LS5', 'LEAF SERIES', '1', 189000, '1', 10, 8, '', 'Active', '115'),
(11, 'B0011', 'MOZAIC1', 'MOZAIC', '1', 215000, '1', 11, 0, '', 'Active', '115'),
(12, 'B0012', 'MOZAIC3', 'MOZAIC', '1', 215000, '1', 12, 3, '', 'Active', '115'),
(13, 'B0013', 'MOZAIC4', 'MOZAIC', '1', 215000, '1', 13, 0, '', 'Active', '115'),
(14, 'B0014', 'MOZAIC6', 'MOZAIC', '1', 215000, '1', 14, 0, '', 'Active', '115'),
(15, 'B0015', 'FALL10', 'FALL SERIES', '1', 189000, '1', 15, 4, '', 'Active', '115'),
(16, 'B0016', 'FALL12', 'FALL SERIES', '1', 189000, '1', 16, 6, '', 'Active', '115'),
(17, 'B0017', 'FALL15', 'FALL SERIES', '1', 189000, '1', 17, 0, '', 'Active', '115'),
(18, 'B0018', 'BLCK1', 'VOAL PLAIN', '1', 70000, '1', 18, 20, '', 'Active', '115'),
(19, 'B0019', 'NVY1', 'VOAL PLAIN', '1', 70000, '1', 19, 0, '', 'Active', '115'),
(20, 'B0020', 'DNM1', 'VOAL PLAIN', '1', 70000, '1', 20, 2, '', 'Active', '115'),
(21, 'B0021', 'MRN1', 'VOAL PLAIN', '1', 70000, '1', 21, 3, '', 'Active', '115'),
(22, 'B0022', 'CHCO1', 'VOAL PLAIN', '1', 70000, '1', 22, 0, '', 'Active', '115'),
(23, 'B0023', 'PNK1', 'VOAL PLAIN', '1', 70000, '1', 23, 0, '', 'Active', '115'),
(24, 'B0024', 'FALL17', 'FALL SERIES', '1', 189000, '1', 24, 7, '', 'Active', '115'),
(25, 'B0025', 'CLTHS1', 'CELANA PLEATS', '4', 200000, '3', 25, 8, '', 'Active', 'ALLSIZE'),
(26, 'B0026', 'CLTHS2', 'KULOT ITEM', '4', 200000, '3', 26, 7, '', 'Active', 'ALLSIZE'),
(27, 'B0027', 'CLTHS3', 'KIMONO PLEATS', '4', 299000, '3', 27, 8, '', 'Active', 'ALLSIZE'),
(28, 'B0028', 'CLTHS4', 'FLOWERY TUNIK', '4', 250000, '3', 28, 6, '', 'Active', 'ALLSIZE'),
(29, 'B0029', 'CLTHS5', 'BLOUSE TARTAN', '4', 185000, '3', 29, 1, '', 'Active', 'ALLSIZE'),
(30, 'B0030', 'CLTHS6', 'PLEATS SHIRT KHAKI', '4', 239000, '3', 30, 5, '', 'Active', 'ALLSIZE'),
(31, 'B0031', 'CLTHS7', 'PLEATS SHIRT BLCK KHAKI', '4', 239000, '3', 31, 4, '', 'Active', 'ALLSIZE'),
(32, 'B0032', 'CLTHS8', 'PLEATS SHRT BLCK GREY', '4', 239000, '3', 32, 3, '', 'Active', 'ALLSIZE'),
(33, 'B0033', 'CLTHS9', 'ADELES BLCK', '4', 239000, '3', 33, 2, '', 'Active', 'ALLSIZE'),
(34, 'B0034', 'CLTHS10', 'OUTER PLEATS', '4', 249000, '3', 34, 0, '', 'Active', 'ALLSIZE'),
(35, 'B0035', 'CLTHS11', 'ADELES SAND', '4', 239000, '3', 35, 6, '', 'Active', 'ALLSIZE'),
(36, 'B0036', 'CLTHS12', 'ADELES DUSTYPINK', '4', 239000, '3', 36, 9, '', 'Active', 'ALLSIZE'),
(37, 'B0037', 'CLTHS13', 'BLOUSE NAVY', '4', 100000, '3', 37, 18, '', 'Active', 'ALLSIZE'),
(38, 'B0038', 'CLTHS14', 'KULOT BABY PINK', '4', 150000, '3', 38, 1, '', 'Active', 'ALL SIZE'),
(39, 'B0039', 'CLTHS15', 'KULOT CREAM', '4', 150000, '3', 39, 6, '', 'Active', 'ALLSIZE'),
(40, 'B0040', 'CLTHS16', 'PANTS PENCIL', '4', 100000, '3', 40, 13, '', 'Active', 'ALLSIZE'),
(41, 'B0041', 'FALL14', 'FALL SERIES', '1', 189000, '1', 41, 10, '', 'Active', '115'),
(42, 'B0042', 'MOZAIC5', 'MOZAIC', '1', 215000, '1', 42, 0, '', 'Active', '115'),
(43, 'B0043', 'EIDADHA1', 'ADHA SERIES', '1', 189000, '1', 43, 0, '', 'Active', '115'),
(44, 'B0044', 'FALLSERIES5', 'FALLSERIES', '1', 189000, '1', 44, 0, '', 'Active', '115'),
(45, 'B0045', 'EIDADHA8', 'ADHA SERIES', '1', 189000, '1', 45, 0, '', 'Active', '115'),
(46, 'B0046', 'LVNDR1', 'VOAL PLAIN', '1', 70000, '1', 46, 0, '', 'Active', '115'),
(47, 'B0047', 'FALL6', 'FALL SERIES', '1', 189000, '1', 47, 0, '', 'Active', '115'),
(48, 'B0048', 'ORIGAMI1', 'ORIGAMI SERIES', '1', 189000, '1', 48, 12, '', 'Active', '115'),
(49, 'B0049', 'ORIGAMI2', 'ORIGAMI SERIES', '1', 189000, '1', 49, 31, '', 'Active', '115'),
(50, 'B0050', 'ORIGAMI3', 'ORIGAMI SERIES', '1', 189000, '1', 50, 11, '', 'Active', '115'),
(51, 'B0051', 'ORIGAMI4', 'ORIGAMI SERIES', '1', 189000, '1', 51, 18, '', 'Active', '115'),
(52, 'B0052', 'ORIGAMI5', 'ORIGAMI SERIES', '1', 189000, '1', 52, 10, '', 'Active', '115'),
(53, 'B0053', 'ORIGAMI6', 'ORIGAMI SERIES', '1', 189000, '1', 53, 13, '', 'Active', '115'),
(54, 'B0054', 'ORIGAMI7', 'ORIGAMI SERIES', '1', 189000, '1', 54, 48, '', 'Active', '115'),
(55, 'B0055', 'ORIGAMI8', 'ORIGAMI SERIES', '1', 189000, '1', 55, 38, '', 'Active', '115'),
(56, 'B0056', 'ORIGAMI9', 'ORIGAMI SERIES', '1', 189000, '1', 56, 53, '', 'Active', '115'),
(57, 'B0057', 'ORIGAMI10', 'ORIGAMI SERIES', '1', 189000, '1', 57, 63, '', 'Active', '115'),
(58, 'B0058', 'SUMMER3', 'SUMMER SERIES', '1', 189000, '1', 59, 0, '', 'Active', '115'),
(59, 'B0059', 'MOZAIC2', 'MOZAIC', '1', 215000, '1', 58, 0, '', 'Active', '115'),
(60, 'B0060', 'VPLCTERRACOTA1', 'VPLC TERRACOTA', '1', 105000, '1', 60, 30, '', 'Active', '115'),
(61, 'B0061', 'VPLCARDINAL2', 'VPLC CARDINAL', '1', 105000, '1', 61, 21, '', 'Active', '115'),
(62, 'B0062', 'VPLCOLIVE3', 'VPLC OLIVE', '1', 105000, '1', 62, 27, '', 'Active', '115'),
(63, 'B0063', 'VPLCNAVY4', 'VPLC NAVY', '1', 105000, '1', 63, 0, '', 'Active', '115'),
(64, 'B0064', 'VPLCBLACK5', 'VPLC BLACK', '1', 105000, '1', 64, 2, '', 'Active', '115'),
(65, 'B0065', 'VPLCDENIM6', 'VPLC DENIM', '1', 105000, '1', 65, 24, '', 'Active', '115'),
(66, 'B0066', 'VPLCPINK7', 'VPLC PINK', '1', 105000, '1', 66, 25, '', 'Active', '115'),
(67, 'B0067', 'VPLCSAND8', 'VPLC SAND', '1', 105000, '1', 67, 0, '', 'Active', '115'),
(68, 'B0068', 'FAIRY1', 'FAIRY 1', '1', 189000, '1', 68, 32, '', 'Active', '115'),
(69, 'B0069', 'FAIRY2', 'FAIRY 2', '1', 189000, '1', 69, 30, '', 'Active', '115'),
(70, 'B0070', 'FAIRY3', 'FAIRY 3', '1', 189000, '1', 70, 30, '', 'Active', '115'),
(71, 'B0071', 'FAIRY4', 'FAIRY 4', '1', 189000, '1', 71, 34, '', 'Active', '115'),
(72, 'B0072', 'FAIRY5', 'FAIRY 5', '1', 189000, '1', 72, 40, '', 'Active', '115'),
(73, 'B0073', 'FAIRY6', 'FAIRY 6', '1', 189000, '1', 73, 22, '', 'Active', '115'),
(74, 'B0074', 'FAIRY7', 'FAIRY 7', '1', 189000, '1', 74, 18, '', 'Active', '115'),
(75, 'B0075', 'FAIRY8', 'FAIRY 8', '1', 189000, '1', 75, 14, '', 'Active', '115'),
(76, 'B0076', 'FAIRY9', 'FAIRY 9', '1', 189000, '1', 76, 4, '', 'Active', '115'),
(77, 'B0077', 'FAIRY10', 'FAIRY 10', '1', 189000, '1', 77, 1, '', 'Active', '115'),
(78, 'B0078', 'BOHE1', 'BOHEMIAN 1', '1', 189000, '1', 78, 29, '', 'Active', '115'),
(79, 'B0079', 'BOHE2', 'BOHEMIAN 2', '1', 189000, '1', 79, 28, '', 'Active', '115'),
(80, 'B0080', 'BOHE3', 'BOHEMIAN 3', '1', 189000, '1', 80, 30, '', 'Active', '115'),
(81, 'B0081', 'BOHE4', 'BOHEMIAN 4', '1', 189000, '1', 81, 30, '', 'Active', '115'),
(82, 'B0082', 'BOHE5', 'BOHEMIAN5', '1', 189000, '1', 82, 30, '', 'Active', '115'),
(83, 'B0083', 'BOHE6', 'BOHEMIAN6', '1', 189000, '1', 83, 30, '', 'Active', '115'),
(84, 'B0084', 'BOHE7', 'BOHEMIAN7', '1', 189000, '1', 84, 30, '', 'Active', '115'),
(85, 'B0085', 'BOHE8', 'BOHEMIAN8', '1', 189000, '1', 85, 30, '', 'Active', '115'),
(86, 'B0086', 'BOHE9', 'BOHEMIAN9', '1', 189000, '1', 86, 30, '', 'Active', '115');

-- --------------------------------------------------------

--
-- Table structure for table `ms_customer`
--

CREATE TABLE IF NOT EXISTS `ms_customer` (
`id_customer` int(4) NOT NULL,
  `kode_customer` char(5) NOT NULL,
  `nama_customer` varchar(50) NOT NULL,
  `alamat_customer` text NOT NULL,
  `telp_customer` varchar(25) NOT NULL,
  `keterangan_customer` text NOT NULL,
  `status_customer` enum('Active','Non Active') NOT NULL,
  `dibuat_customer` datetime NOT NULL,
  `dibuat_oleh_customer` int(4) NOT NULL,
  `default_customer` enum('Y','N') NOT NULL DEFAULT 'N'
) ENGINE=MyISAM AUTO_INCREMENT=431 DEFAULT CHARSET=latin1 ROW_FORMAT=DYNAMIC;

--
-- Dumping data for table `ms_customer`
--

INSERT INTO `ms_customer` (`id_customer`, `kode_customer`, `nama_customer`, `alamat_customer`, `telp_customer`, `keterangan_customer`, `status_customer`, `dibuat_customer`, `dibuat_oleh_customer`, `default_customer`) VALUES
(1, 'C0001', 'FANI', 'KEMANGGISAN ILIR NO.13 RT. 005 RW.008 JAKARTA BARAT', '081299051515', '1', 'Active', '2018-12-21 16:08:32', 1, 'N'),
(2, 'C0002', 'TITA KANIA', 'BANK MANDIRI GREENVILLE BLOK BG NO. 31-36\r\nDURI KEPA , KEBON JERUK\r\nJAKARTA BARAT', '082295309820', '2', 'Active', '2018-12-21 16:11:03', 1, 'N'),
(3, 'C0003', 'TINA PAMUNGKASARI', 'JL.BSD BOULEVARD BARAT OFFICE PARK KAV.3  BSD CIRY SAMPORA CISAUK LANTAI 3 FINANCE KAB.TANGERANG BANTEN-15345', '081290399336', '3', 'Active', '2018-12-21 18:41:38', 1, 'N'),
(4, 'C0004', 'INOT', 'CLUSTER ANTAPANI CITY NO. 17\r\nPARAKANSAAT ANTAPANI', '087722000285', '4', 'Active', '2018-12-22 13:42:42', 1, 'N'),
(5, 'C0005', 'RINA DALI', 'PURI DAGO MAS JL. UTAMA NO21, CIBODAS RAYA , ANTAPANI BANDUNG 40291', '087825222220', '5', 'Active', '2018-12-22 18:03:47', 1, 'N'),
(6, 'C0006', 'DEASYREE', 'JL.RAYA BEKASI KM.21 \r\nPEGANGSAAN DUA KELAPA GADING \r\n(BANK MANDIRI AREA JAKARTA PULOGADUNG)\r\nJAKARTA UTARA', '081280334373', '6', 'Active', '2018-12-22 18:06:13', 1, 'N'),
(7, 'C0007', 'IYUT', 'MARGAHAYU RAYA', '08156001719', '7', 'Active', '2018-12-22 18:12:16', 1, 'N'),
(8, 'C0008', 'ASTUTY', 'JL.INTAN 4 NO.24\r\n PERUM SADANG SERANG BANDUNG', '08122092175', '8', 'Active', '2018-12-22 18:15:00', 1, 'N'),
(9, 'C0009', 'CHITRA WIDYA LESTARI', 'JL.CIJERAH NO.194 RT.007/RW.004\r\nBANDUNG 40213', '082298822230', '9', 'Active', '2018-12-22 18:21:55', 1, 'N'),
(10, 'C0010', 'INOT', 'BANDUNG', '085788247500', '10', 'Active', '2018-12-22 18:28:40', 1, 'N'),
(11, 'C0011', 'DEASY', 'JNE GUNANG BATU \r\nJL.GUNUNG BATU NO.12 \r\nKEC.CICENDO BANDUNG', '085220818290', '11', 'Active', '2018-12-26 09:53:41', 1, 'N'),
(12, 'C0012', 'RIRI VIRZAN PUTRI', 'JL.ABADI KOMPLEK KINGSTONE PALACA  \r\nBLOK B NO.7, KEL.TANJUNG REJO, \r\nKEC.MEDAN  SUNGGAL, MEDAN \r\nSUMATRA UTARA', '08126526095', '12', 'Active', '2018-12-26 09:55:02', 1, 'N'),
(13, 'C0013', 'RICHANA', 'PERUMAHAN PONDOK PINUS LESTARI \r\nBLOK G.3 JL.PONDOK PINUS LOKTABAT UTARA, KEC. LOKTABAT, BANJARBARU \r\nKALIMATAN SELATAN   70714', '08126526095', '13', 'Active', '2018-12-26 09:56:28', 1, 'N'),
(14, 'C0014', 'TRI KURNIASIH', 'JL.BUNGA RAMPAI 5 GANG 2 NO.28 RT.015/RW009  PERUMNAS KLENDER \r\nJAKARTA TIMUR   13460', '081382816066', '14', 'Active', '2018-12-26 10:05:51', 1, 'N'),
(15, 'C0015', 'FITRIANI', 'JL.BOULEVARD GRAND DEPOKCITY\r\n CLUSTER  VERBENA BLOK E NO.9, KEC.SUKAMAJAYA , DEPOK', '08117814605', '15', 'Active', '2018-12-26 10:07:29', 1, 'N'),
(16, 'C0016', 'AJENG NARESWARI', 'JL.PANGANTEN ALI II NO.72 CIRACAS \r\nJAKARTA TIMUR    13740', '082122461988', '16', 'Active', '2018-12-26 10:08:59', 1, 'N'),
(17, 'C0017', 'NADIA', 'KOMPLEK VILLA MUTIARA  \r\nJL.MUTIARA III BLOK KK NO.24 SAWAH BARU\r\nCIPUTAT, TANGERANG SELATAN  15413', '082124014963', '17', 'Active', '2018-12-26 10:10:57', 1, 'N'),
(18, 'C0018', 'BUTIK LARIZKA', 'BALTOS', '0000', '18', 'Active', '2018-12-26 13:46:28', 1, 'N'),
(19, 'C0019', 'MEGA', 'BANDUNG', '0811200306', '19', 'Active', '2018-12-27 11:15:24', 1, 'N'),
(20, 'C0020', 'ILMA NADIA', 'JL.BONA INDAH V BLOK A8/19 \r\nLEBAK BULUS , JAKARTA SELATAN  12440', '0818981871', '20', 'Active', '2018-12-27 19:23:47', 1, 'N'),
(21, 'C0021', 'RINNIE', 'PURI BINTARO MANSION A 14 \r\nJL.RSS DESA SAWAH , CIPUTAT , \r\nTANGERANG SELATAN  15413', '081318283561', '21', 'Active', '2018-12-27 19:26:17', 1, 'N'),
(22, 'C0022', 'SITA ADHIEM', 'JL.DARMAWANGSA  RAYA NO.10 \r\nRT.004/RW.001, PULO KEBAYORAN BARU \r\n(BELAKANG SNAPY) , KEBAYORAN BARU \r\nJAKARTA SELATAN', '08111752130', '22', 'Active', '2018-12-27 19:29:23', 1, 'N'),
(23, 'C0023', 'PICCO NOVRADARA', 'PERTAMINA HULU MAHAKAM \r\nJL.YOS SUDARSO , BALIKPAPAN TENGAH \r\nKOTA BALIKPANAN, KALIMANTAN TIMUR', '082255384439', '23', 'Active', '2018-12-27 19:34:27', 1, 'N'),
(24, 'C0024', 'LELI HJ BARIN', 'KP.PASIR LIMUS RT.006/RW.003\r\nDESA WANGUN HARJA , KEC.CIKARANG  UTARA \r\nKAB.BEKASI   17530', '083874173695', '24', 'Active', '2018-12-27 19:40:43', 1, 'N'),
(25, 'C0025', 'RURI FEBRIANA', 'KOMPERTA GN BALIKPAPAN JL.SAMBU NO.68 \r\nKEL.PRAPATAN, KEC.BALIKPAPAN KOTA\r\nKALIMANTAN TIMUR   76111', '082114180348', '25', 'Active', '2018-12-27 19:42:33', 1, 'N'),
(26, 'C0026', 'ANGGIA NAYATI', 'KOTA BARU PARAHYANGAN, TATAR WANGSAKERTA JL.WANGSANINGRAT NO.44 \r\nPADALARANG, BANDUNG BARAT 40553', '0817208227', '26', 'Active', '2018-12-27 19:45:58', 1, 'N'),
(27, 'C0027', 'ATIKAH BADZLINA', 'GEDUNG MENARA BIDAKARA 1 LANTAI 13\r\nPT.TAIKISHA INDONESIA ENGINEERING \r\nJL.GATOT SUBROTO KAV.71-73 PANCORAN JAKARTA SELATAN', '082112345585', '27', 'Active', '2018-12-27 19:47:52', 1, 'N'),
(28, 'C0028', 'RENI ANGGRAENI', 'JL.SEKTOR VII  NO.11 RT.004/RW.008 \r\nCILEDUG SUDIRMAN JAYA TANGERANG', '081314178399', '28', 'Active', '2018-12-27 20:01:39', 1, 'N'),
(29, 'C0029', 'FRILLA', 'CALADI DALAM', '0000000', '29', 'Active', '2018-12-28 06:52:23', 1, 'N'),
(30, 'C0030', 'SHAHNAZ', 'PERUMAHAN SAPPHIRE MEDITERANIA BLOK F-17\r\nRT.001/RW.003, JUNGJANG, ARJAWINANGUN\r\nKABUPATEN CIREBON, JAWA BARAT   45162', '081314761996', '30', 'Active', '2018-12-28 11:52:24', 1, 'N'),
(31, 'C0031', 'TIA RAHAYU WIJAYANTI', 'JL.BENDUNGANHILLIR GG.10 NO.3 \r\nRT.001/RW.003, KEL.BENDUNGAN HILIR \r\nKEC. TANAH ABANG , JAKARTA PUSAT  10210', '085755591913', '31', 'Active', '2018-12-28 11:54:29', 1, 'N'),
(32, 'C0032', 'BELMESTY', 'JL.SELAT BANGKA IV D8/8KAV.AL DUREN SAWIT\r\nJAKARTA', '081586604575', '32', 'Active', '2018-12-28 13:08:50', 1, 'N'),
(33, 'C0033', 'YUKO', 'JL.PULOMAS UTARA II C NO.5 \r\nJAKARTA TIMUR   13210', '081314696695', '33', 'Active', '2018-12-28 17:15:52', 1, 'N'),
(34, 'C0034', 'EKAWATI', 'JL.RAYA BOGOR KM.29 NO.82  RT.008/RW.004  \r\nPALSIGUNUNG , CIMANGGIS &NDASH;DEPOK \r\n(SEBRANG BPR PERDANA) KOTA DEPOK  16451', '087883384174', '34', 'Active', '2018-12-28 17:16:58', 1, 'N'),
(35, 'C0035', 'RANIE UNTARA', 'KOMPLEK PARAHYANGAN PERMAI BLOK N NO.1 \r\nGEGERKALONG BANDUNG  40559', '0818211583', '35', 'Active', '2018-12-28 17:42:21', 1, 'N'),
(36, 'C0036', 'MANDIRI TELKOM', 'BANDUNG', '081214068066', '36', 'Active', '2018-12-28 17:46:48', 1, 'N'),
(37, 'C0037', 'MELAWATI INDAH', 'EMERALD TOWN HOUSE BLOK AH NO.7 BINTARO SEKTOR 9, PARIGI-PONDOK AREN , TANGERANG SELATAN', '085921244469', '37', 'Active', '2018-12-28 17:50:42', 1, 'N'),
(38, 'C0038', 'SOFI DWI LESTARI', 'KP.CIJAYANG RT.014/RW.004 DESA CIKAWUNG, KEC.PANCATENGAH , KAB.TASIKMALAYA', '082316309874', '38', 'Active', '2018-12-28 17:55:04', 1, 'N'),
(39, 'C0039', 'EKA HARINI', 'BELLACASA RESIDENCE BLOK G3 NO.6 DEPOK', '081385317017', '39', 'Active', '2018-12-28 18:01:52', 1, 'N'),
(40, 'C0040', 'PUTRI RIZKYA', 'PT.ALTRAK JL.RV VETERAN NO.4 BINTARO , PASANGGRAHAN, JAKARTA SELATAN', '087774471223', '40', 'Active', '2018-12-28 18:05:06', 1, 'N'),
(41, 'C0041', 'RATIH SURATNA', 'JL.LETNAN ARSYAD, KAYURINGIN JAYA, KOTA BEKASI', '081218191923', '41', 'Active', '2018-12-28 18:07:14', 1, 'N'),
(42, 'C0042', 'BELMESTY', 'JL.SELAT BANGKA IV D8/8 KAV. AL DUREN SAWIT JAKARTA', '081586604575', '42', 'Active', '2018-12-28 18:13:58', 1, 'N'),
(43, 'C0043', 'AYU DAHNIAR', 'KANTOR REGIONAL 2 JAWA BARAT \r\nOTORITAS JASA KEUANGAN \r\nJL,IR.H.DJUANDA NO.152 \r\nBANDUNG', '082216308167', '43', 'Active', '2018-12-29 14:46:41', 1, 'N'),
(44, 'C0044', 'MEILINA RAHKMI', 'GRAND DAHLIA CLUSTER \r\nJL. BOULEVARD GDC, KAVLING AL BLOK E NO.26 \r\nRT.006/RW.004 KEL.JATIMULYA, KEC.CILODONG, \r\nKOTA DEPOK', '081216496000', '44', 'Active', '2018-12-29 14:51:12', 1, 'N'),
(45, 'C0045', 'REVY JULIA', 'JL.H TERIN, KOMPLEK PANGKALAN JATI VILLAGE \r\nBLOK H/34  CINERE &NDASH; DEPOK   17513', '081905055861', '45', 'Active', '2018-12-29 14:54:25', 1, 'N'),
(46, 'C0046', 'MAYA NOVRYANTI', 'KANTOR PDAM JL. TIRTA KENCANA NO.1 \r\nSAMARINDA ULU, KOTA SAMARINDA\r\nKALIMANTAN TIMUR', '081250368282', '46', 'Active', '2018-12-29 15:02:40', 1, 'N'),
(47, 'C0047', 'HJ SANTI', 'JL. SAMRATULANGI , KECAMATAN UJUNG BULU \r\nKAB.BULUKUMBA', '082349487979', '47', 'Active', '2018-12-29 15:06:21', 1, 'N'),
(48, 'C0048', 'SALSHABILA', 'JL, KELAPA NO.74, RT.005/RW.002 \r\nCIPAYUNG , JAKARTA TIMUR \r\nDKI JAKARTA   13820', '081298215588', '48', 'Active', '2018-12-29 15:09:17', 1, 'N'),
(49, 'C0049', 'MARITSA FARIDATUNNISA', 'JOMBOR LOR  NO.55C RT.002/RW.018  \r\nSENDANGADI MLAT, SLEMAN , KAB. SLEMAN \r\nMLATI , YOGJAKARTA    55285', '081314761996', '49', 'Active', '2018-12-29 15:11:01', 1, 'N'),
(50, 'C0050', 'ELYSA', 'JL. NUSA INDAH NO.17A, RT.005/RW.002 \r\nKEL. BARU, KEC. PASAR REBO \r\nKOTA  JAKARTA TIMUR   13780', '087775769316', '50', 'Active', '2018-12-29 15:14:21', 1, 'N'),
(51, 'C0051', 'IKE W', 'TIBAN RAYA BLOK E NO.3 SEKUPANG BATAM  \r\nSEKUPANG , KEPULAUAN RIAU  29422', '082173782802', '51', 'Active', '2018-12-29 15:15:19', 1, 'N'),
(52, 'C0052', 'RAHMATIKA', 'PCI BLOK C2 NO.2 \r\nCILEGON, BANTEN 42446', '08111584006', '52', 'Active', '2018-12-29 15:22:47', 1, 'N'),
(53, 'C0053', 'TEMEN YANGTI', 'CALADI', '08111584006', '53', 'Active', '2018-12-29 15:25:00', 1, 'N'),
(54, 'C0054', 'NOVERA', 'JL. DR SOEBANDI 108 KMR 6 \r\nBPATRANG JEMBER JATIM', '082151188230', '54', 'Active', '2018-12-29 15:27:01', 1, 'N'),
(55, 'C0055', 'LUTFIA HAKIM BM', 'JL G KARYA UTAMA NO.105 RT.003/006 SRENGSENG JAKARTA BARAT', '085624175811', '55', 'Active', '2018-12-29 17:43:33', 1, 'N'),
(56, 'C0056', 'LUTFIA HAKIM B', 'JL.G KARYA UTAMA NO.105 RT.003/006 SRENGSENG KEMBANG JAKART BARAT', '085624175811', '56', 'Active', '2018-12-29 17:45:17', 1, 'N'),
(57, 'C0057', 'FARAH YUMNA', 'RAFFLES HILLS BLOK O-2 NO.29 CIBUBUR DEPOK JAWA BARAT RT.004/025 KOTA DEPOK', '082269991998', '57', 'Active', '2018-12-29 17:50:10', 1, 'N'),
(58, 'C0058', 'FARAH YUMNA', 'RAFFLES HILLS BLOK O-2 NO.29 CIBUBUR\r\nRT.004/RW.025 TAPOS ,\r\nDEPOK  JAWA BARAT', '082269991998', '58', 'Active', '2018-12-29 18:59:26', 1, 'N'),
(59, 'C0059', 'LUTFI HAKIM BM', 'JL.G KARYA UTAMA NO.105 RT.003/RW.006 \r\nSRENGSENG KEMBANG JAKARTA BARAT', '085624175811', '59', 'Active', '2018-12-29 19:01:44', 1, 'N'),
(60, 'C0060', 'OKTA', 'JL.,GADANG TERUSAN NON  124B RT.005./RW.010 \r\nKEL. SUNGAI BAMBU, KEC. TG PRIOK  JAKUT 14330', '087883041702', '60', 'Active', '2018-12-29 19:03:10', 1, 'N'),
(61, 'C0061', 'AYU SUCI', 'JL BUANA MEKAR NO.24 LOGAM, MARGACINTA \r\nBANDUNG 40287', '082126078991', '61', 'Active', '2018-12-29 19:04:30', 1, 'N'),
(62, 'C0062', 'INDAH FITRIANI', 'JL.PATIMURA NO.3A PADANG', '081374614554', '62', 'Active', '2018-12-29 19:06:42', 1, 'N'),
(63, 'C0063', 'WIWIK', 'JL.CILALLANG JAYA VII BLOK D NO.3 KEL.BUAKANA, KEC.RAPPOCINI \r\nKOTA MAKASSAR', '08124183221', '63', 'Active', '2018-12-29 19:08:06', 1, 'N'),
(64, 'C0064', 'DEWI', 'MARS UTARA III', '081222448864', '64', 'Active', '2018-12-30 08:38:35', 1, 'N'),
(65, 'C0065', 'PIPIT', 'UKNOWN', '085777755535', '65', 'Active', '2018-12-30 08:44:05', 1, 'N'),
(66, 'C0066', 'AYU NIAR', 'JL. BAKTI VI ARIFIN AHMAD\r\n( PERUMAHAN MATON HOUSE H 5 )\r\nKEC. MARPOYAN DAMAI KEL. TANGKRANG BARAT\r\nPEKAN BARU ,  RIAU', '081288524415', '66', 'Active', '2018-12-30 08:47:00', 1, 'N'),
(67, 'C0067', 'FINA', 'JL. TAMAN NILAM NO. 8\r\nRT. 06 RW. 06\r\nJATI ,  PULOGADUNG\r\nJAKARTA TIMUR  ,  13220', '081310684748', '67', 'Active', '2018-12-30 08:53:48', 1, 'N'),
(68, 'C0068', 'AMELIA KURNIAWATI', 'JL. GEGERKALONG WETAN NO. 24\r\nKEC. SUKASARI KEL. GEGERKALONG\r\nBANDUNG UTARA\r\n( RUMAH KONTRAKAN BLOK B )', '081283471797', '68', 'Active', '2018-12-30 08:59:37', 1, 'N'),
(69, 'C0069', 'DITTA DWI DAMAYANTI', 'KANTOR PERUM PERUMNAS\r\nJL. SURAPATI NO. 120\r\nKEC. CIBEUNYING KALER\r\nBANDUNG  /  40122', '08567677004', '69', 'Active', '2018-12-30 17:23:59', 1, 'N'),
(70, 'C0070', 'SANIA', 'JL. BENYAMIN SUAEB\r\nAPARTEMEN THE ROYALE SPRINGHILL\r\nTOWER MAGNOLIA UNIT 3H, KEMAYORAN\r\nJAKARTA PUSAT', '081809935390', '70', 'Active', '2018-12-30 17:25:47', 1, 'N'),
(71, 'C0071', 'ARYA NURANI', 'PERUMAHAN GRAND WISATA CLUSTER CELEBRATION TOWN\r\nBLOK BB 7 NO. 16\r\nTAMBUN,  BEKASI TIMUR\r\nKODEPOS   17510', '081294630360', '71', 'Active', '2018-12-30 17:27:21', 1, 'N'),
(72, 'C0072', 'NUR AWALIN', 'JL. KARANG ANYAR II\r\nKOMP. GRIYA MEGAH HORIZON NO. 79\r\nLOKTABAT UTARA  ,  KOTA BANJARBARU\r\nBANJAR BARU UTARA,  KALIMANTAN SELATAN\r\nKODEPOS   70712', '081251711933', '72', 'Active', '2018-12-30 17:33:09', 1, 'N'),
(73, 'C0073', 'ASTRID ANDRIANI', 'JL.KUSEN RAYA NO.5 KAYU PUTIH \r\nJAKARTA TIMUR   13210', '08112886001', '73', 'Active', '2018-12-31 17:40:21', 1, 'N'),
(74, 'C0074', 'AYU DAHNIAR', 'KANTOR REGIONAL 2 JAWA BARAT \r\nOTORITAS JASA KEUANGAN \r\nJL,IR.H.DJUANDA NO.152 \r\nBANDUNG', '082216308167', '74', 'Active', '2018-12-31 17:41:33', 1, 'N'),
(75, 'C0075', 'SONYA SORAYA', 'BIDAN PONISEM KP NAGREK RT.002/RW.001 \r\nDESA  SUKAHAJI, KEC.SUKAWENING, \r\nKAB.GARUT 44184', '085222031657', '75', 'Active', '2018-12-31 17:42:34', 1, 'N'),
(76, 'C0076', 'YUDIANTI RINI', 'KOMPLEK KEHUTANAN \r\nJL. WANAMULYA 4 NO.19  KARANG MULYA \r\nKARANG TENGAH. TANGERANG , BANTEN', '081213571754', '76', 'Active', '2018-12-31 17:44:14', 1, 'N'),
(77, 'C0077', 'NUR AWALIN', 'JL.KARANG ANYAR II KOMPLEK GRIYA MEGAH HORIZON NO.79, LOKTABAT UTARA \r\nKOTA BANJARBARU , BANJARBARU UTARA \r\nKALIMANTAN SELATAN 70712', '082216308167', '77', 'Active', '2018-12-31 17:45:30', 1, 'N'),
(78, 'C0078', 'NURUL', 'KOSAN BU SUHAENAH\r\nJL.H.SINEN NO.56 RT.004/RW.007 \r\nKEL.RAGUNAN, KEC.PASAR MINGGU \r\nJAKARTA SELATAN 12550 \r\nHP : 0822.2624.7477', '082226247477', '78', 'Active', '2018-12-31 17:46:26', 1, 'N'),
(79, 'C0079', 'FANI', 'JL.INDIRA 2 NO.6 CLUSTER INDIRA , PERUMAHAN SUVARNA SUTER KAB.TANGERANG, CIKUPA \r\nBANTEN   15560', '081318734320', '79', 'Active', '2018-12-31 17:47:51', 1, 'N'),
(80, 'C0080', 'DEWI ROS', 'DINAS  PERHUBUNGAN PROV.DKI JAKARTA \r\n(SEKRETARIAT) JL.TAMAN JATIBARU NO.1 \r\nCIDEP, JAKARTA PUSAT', '081219055456', '80', 'Active', '2018-12-31 17:48:54', 1, 'N'),
(81, 'C0081', 'ANITA', 'JL.TAMAN SARI NO.61 RT.006/RW.009, KEL.MALABAR, KEC. LENGKONG KOTA BANDUNG', '087824888867', '81', 'Active', '2018-12-31 17:50:53', 1, 'N'),
(82, 'C0082', 'CISKA', 'JL.PELANGI I NO.9 ANTAPANI BANDUNG', '0811213625', '82', 'Active', '2018-12-31 17:52:00', 1, 'N'),
(83, 'C0083', 'GHITTA NUR ADZANI', 'JL.BOUGENVILLE  VII NO.15 RT.002/RW.004 \r\nKEL.GEMPOL SARI, KEC.BANDUNG KULON \r\nKOTA BANDUNG   40215', '081222524426', '83', 'Active', '2019-01-02 18:46:42', 1, 'N'),
(84, 'C0084', 'SEVI PRATIWI', 'BRI KCP KOSAMBI JL.RAYA PASAR KOSAMBI NO.8C (SEBRANG KANTOR POS KOSAMBI)\r\nKAB.KARAWANG, KLARI , JAWABARAT', '081219921693', '84', 'Active', '2019-01-02 18:48:13', 1, 'N'),
(85, 'C0085', 'LOLA OKI', 'PERUMAHAN SENTRA POINT BLOK AD-10, GUNUNG GANYAR, SURABAYA, JAWA TIMUR', '081333636155', '85', 'Active', '2019-01-02 18:49:17', 1, 'N'),
(86, 'C0086', 'FITRIA PUJI LESTARI', 'ZAP CLINIC JL.ANGGREK NO.24, MERDEKA, SUMUR BANDUNG, BANDUNG', '08213000785', '86', 'Active', '2019-01-02 18:50:26', 1, 'N'),
(87, 'C0087', 'CHIKI MUTIARA DEWI', 'JL.PRAPANCA DALAM VI NO.2 JAKARTA SELATAN', '08112288336', '87', 'Active', '2019-01-02 18:51:48', 1, 'N'),
(88, 'C0088', 'ERLIN ARISNA DEWI', 'HAJI NAWI RESIDENCE \r\nJL.H.SYAHRIN NO.3C RT.008/RT.007\r\nGANDARIA UTARA, KEBAYORAN BARU \r\nKOTA JAKARTA SELATAN  12140', '08112886001', '88', 'Active', '2019-01-02 18:52:47', 1, 'N'),
(89, 'C0089', 'PENESIA', 'BCA KPC CIMAHI LT.2 \r\nJL. RAYA AMIR MACHUD NO.533 \r\nKEL.KARANGMEKAR, KEC, CIMAHI TENGAH \r\nKOTA CIMAHI', '081214993446', '89', 'Active', '2019-01-02 18:54:22', 1, 'N'),
(90, 'C0090', 'HELFIDA TYAS ADELIA', 'KOMPLEK RIUNG BANDUNG \r\nJL.RIUNG MUKTI I NO.3 RT.005/RW.010 \r\nKEL.CISARINTEUN KIDUL, KEC. GEDEBAGE \r\nKOTA BANDUNG', '087822721130', '90', 'Active', '2019-01-03 16:36:05', 1, 'N'),
(91, 'C0091', 'HELMA', 'JL.SUKAMULYA DALAM NO.68 RT.008/RW.009 \r\nKEL.SUKAASIH, KEC.BOJONGLOA KALER PETA KOTA BANDUNG    40233', '082110674770', '91', 'Active', '2019-01-03 16:37:01', 1, 'N'),
(92, 'C0092', 'PUTRI MULIA RAHMADINI', 'JL.GANDARIA V  NO.59 RT.012/RW.002 \r\nDEPAN MUSHOLLA MIN 6, GERBANG WARNA MERAH BATU BATA, JAGAKARSA \r\nJAKARTA SELATAN', '085222031657', '92', 'Active', '2019-01-03 16:38:56', 1, 'N'),
(93, 'C0093', 'EGA N T', 'GEDUNG MENARA MERDEKA LT.9 \r\nJL.BUDI KEMULIAAN 1 NO.2 GAMBIR \r\nKOTA JAKARTA PUSAT', '085222031657', '93', 'Active', '2019-01-03 16:46:47', 1, 'N'),
(94, 'C0094', 'FARAH DILA', 'TVONE (NEWS) LOBI ATAS \r\nJL.RAWA TERATE II NO.2  KAWASAN INDUSTRI \r\nPULOGADUNG JATINEGARA, CAKUNG \r\nJAKARTA TIMUR- DKI JAKARTA   13930', '081297969955', '94', 'Active', '2019-01-04 18:12:48', 1, 'N'),
(95, 'C0095', 'POPPY DARMAWAN', '(FENNY AMTERDAM) \r\nJL.H.MUGENI 1 NO.18A RT.003/RW.004\r\nKEL.PUSINGAN TIMUR, KEC.PULO GADUNG JAKARTA TIMUR   13320', '081284066674', '95', 'Active', '2019-01-04 18:13:51', 1, 'N'),
(96, 'C0096', 'GHEA PRICILIA AYUNDA', 'PT.HM SAMPOERNA TBK PANGKAL PINANG \r\nJL.KOTA BUMI RT.001/RW.003 \r\nKEL.GAJH MADA, KEC.RANGKUI \r\nPANGKAL PINANG', '081310753753', '96', 'Active', '2019-01-04 18:15:00', 1, 'N'),
(97, 'C0097', 'ANI', 'MANDIRI ASIA AFRIKA', '08111111111111', '97', 'Active', '2019-01-04 18:16:44', 1, 'N'),
(98, 'C0098', 'MELLY Y', 'WISMA MULIA  LT.33 JL.GATOT SUBROTO NO.42 JAKARTA', '08118889356', '98', 'Active', '2019-01-05 20:26:14', 1, 'N'),
(99, 'C0099', 'CHIKI F', 'JL.WR SUPRATMAN PERUMAHAN \r\nPELANGI BINTARO NO.9 \r\nRENGAS , TANGERANG SELATAN 15412', '087808454758', '99', 'Active', '2019-01-07 17:34:04', 1, 'N'),
(100, 'C0100', 'LIDYA HANA', 'BSD FORESTA CLUSTER FIORE B1 NO.2 \r\nBSD CITY KAB.TANGERANG , PAGEDANGAN \r\nBANTEN    15339', '081295418884', '100', 'Active', '2019-01-07 17:47:44', 1, 'N'),
(101, 'C0101', 'ANGGIA NAYANTI', 'KOTA BARU PARAHYANGAN TATAR WANGSAKERTA \r\nJL. WANGSANINGRAT NO.44 PADALARANG, \r\nBANDUNG BARAT 40553', '0817208227', '101', 'Active', '2019-01-07 17:50:31', 1, 'N'),
(102, 'C0102', 'WIDA ANDINA', 'PERUMAHAN PUCUNG BARU BLOK G NO.10 \r\nRT.005/RW.011, DESA PUCUNG, \r\nKEC. KOTABARU , KABUPATEN KARAWANG', '081287131103', '102', 'Active', '2019-01-07 17:58:04', 1, 'N'),
(103, 'C0103', 'EMMA', 'JL.IBRAHIM ADJIE GG. KEBON KANGKUNG IV  \r\nNO.19/129A RT.05/RW.06, KEBON KANGKUNG, KEC. KIARACONDONG BANDUNG', '081321214400', '103', 'Active', '2019-01-07 17:59:08', 1, 'N'),
(104, 'C0104', 'HANI', 'RSUD KALI DERES \r\nJL.SATU MARET NO.48, KEL.PEGADUNGAN, KEC. KALIDERES, JAKARTA BARAT   11830', '085719918676', '104', 'Active', '2019-01-07 18:01:09', 1, 'N'),
(105, 'C0105', 'HESTI RATNASARI', 'DS.GAMBLOKAN RT.002/RW.001 \r\nKEL.LESES KEC. MANISRENGGO, KAB.KLATEN', '081802690600', '105', 'Active', '2019-01-07 18:03:08', 1, 'N'),
(106, 'C0106', 'KAMALIA MAYASARI', 'PUSKESMAS CIPONDOH \r\nJL.KH HASYIM ASHARI NO.1 RT.01/RW.01, \r\nKEL.CIPONDOH,KEC.CIPONDOH \r\nTANGERANG 15148', '087774831192', '106', 'Active', '2019-01-07 18:08:30', 1, 'N'),
(107, 'C0107', 'YASHINTA YUSTISIA YASMINE', '(GRIYA SHINTA ABIYASA) KLACI II MARGOLUWIH\r\nSEYAGAN SLEMAN  (SEBRANG STADION TGP) \r\nKAB.SLEMAN, SEYEGAN, YOGYAKARTA  55561', '081939050001', '107', 'Active', '2019-01-07 18:09:55', 1, 'N'),
(108, 'C0108', 'KIKI', 'JL. RTM GANG SADAR, PERUMAHAN QORYAH \r\nDARUSSALAM NO.15  RT.011/RW.010, \r\nKELAPA DUA, KEL.TUGU, KEC.CIMANGGIS \r\nDEPOK, JAWA BARAT', '081296437042', '108', 'Active', '2019-01-07 18:10:53', 1, 'N'),
(109, 'C0109', 'MISTATI', 'PERUM PERUMNAS REGIONAL IV\r\nBANDUNG', '081320585793', '109', 'Active', '2019-01-10 19:59:25', 1, 'N'),
(110, 'C0110', 'HESTI RATNASARI', 'DS.GAMBLOKAN RT.002/RW.001 \r\nKEL.LESES KEC. MANISRENGGO, KAB.KLATEN', '081802690600', '110', 'Active', '2019-01-10 20:06:07', 1, 'N'),
(111, 'C0111', 'FARAH KARIMAH', 'RDTX TOWR LANTAI 28\r\nJL.PROF DR SATRIO KAV E-IV NO.6  MEGA KUNINGAN\r\nSETIA BUDI,  JAKARTA SELATAN \r\nDKI JAKARTA  12950', '081286898232', '111', 'Active', '2019-01-10 20:08:04', 1, 'N'),
(112, 'C0112', 'DIAN SAVITRI', 'PERUMAHAN PEARL GARDEN BLOK D10 \r\nJL.PEKAPURAN SUKAMAJU  BARU TAPOS \r\nDEPOK', '081326594672', '112', 'Active', '2019-01-10 20:11:32', 1, 'N'),
(113, 'C0113', 'PUTRI INTAN OKTAVIANI', 'KANTOR PUSAT SDM PERHUBUNGAN DARAT JL SELEMBA TENGAH II NO.2 RT.005/RW.008  SENEN , PASEBAN, JAKARTA PUSAT 10440', '083820864024', '113', 'Active', '2019-01-11 10:15:44', 1, 'N'),
(114, 'C0114', 'TENGKU DUMASARI', 'JL.GELETIK BLOK F5 NO.12 RT010/RW.09  PERUMAHAN SAWANGAN PERMAI KEL.PASIR PUTIH, KEC.SAWANGAN DEPOK- JAWA BARAT', '0811174589', '114', 'Active', '2019-01-11 10:35:27', 1, 'N'),
(115, 'C0115', 'SRI  SULT INDRAWATI', 'JL.CAMAN RAYA KOMPLEK PRIMALINGKAR ASRI B1 NO.1 JATIBENING BEKASI', '081210066969', '115', 'Active', '2019-01-11 10:39:55', 1, 'N'),
(116, 'C0116', 'DEWI MUSTIKA SARI', 'ASSESSMENT &AMP; DEVELOPMENT CENTER KEMENTRIAN PERTANAHAN \r\nGED.A.H NASUTION LT.14 RUANG 1411 \r\nJL.MEDAN MERDEKA BARAT NO.13-14 JAKARTA PUSAT', '081281810048', '116', 'Active', '2019-01-11 10:54:20', 1, 'N'),
(117, 'C0117', 'SAROPAH', 'BLOK CILAMARAN, DESA TANAJA KIUL, RT.016/RW.004, KEC.KERTASSEMAYA, KAB.INDRAMAYU', '081324736554', '117', 'Active', '2019-01-11 10:57:52', 1, 'N'),
(118, 'C0118', 'FRENTY', 'JL.JATIHANDAP 34 RT.001/RW.013 KEL.JATIHANDAP, KEC.MANDALAJATI  BANDUNG', '081910244369', '118', 'Active', '2019-01-11 10:59:59', 1, 'N'),
(119, 'C0119', 'PUTRI NOVYANA', 'GEDUNG PERTAMINA MOR V-PROCUREMENT LTVI JK JAGIR WONOKROMO.NO.88 SURABAYA 60244', '081235000060', '119', 'Active', '2019-01-11 11:02:37', 1, 'N'),
(120, 'C0120', 'NADIA NAYA', 'WISMA MONEX JL.ASIA AFRIKA 133-137 LANTAI 12 HOMECREDIT INDONESIA BANDUNG', '081220242460', '120', 'Active', '2019-01-11 19:02:19', 1, 'N'),
(121, 'C0121', 'ECHIE', 'MANDIRI BANDUNG', '081', '121', 'Active', '2019-01-11 19:03:46', 1, 'N'),
(122, 'C0122', 'RIZKY TAURIA K', 'JL.JEMBATAN BESI V NO.3 RT.008/RW.004\r\nKEL.JEMBATAN BESI, KEC. TAMBORA \r\nJAKARTA BARAT', '085794415100', '122', 'Active', '2019-01-11 19:08:02', 1, 'N'),
(123, 'C0123', 'SARAH YUMNI', 'FRAFFLES HILS BLOK O2 NO.29, RT.025/RW.004 CIBUBUR,TAPOS\r\nDEPOK JAWA BARAT   16454', '081311231998', '123', 'Active', '2019-01-11 19:09:49', 1, 'N'),
(124, 'C0124', 'EKA JULIADY', 'KANTOR BALAI WILAYAH SUNGAI MALUKU UTARA \r\nJL.JATI BESAR NO.443 TEMATE SELATAN', '082187692002', '124', 'Active', '2019-01-11 19:14:19', 1, 'N'),
(125, 'C0125', 'INDAH HAPSARI', 'DS.GAMBLOKAN RT.002/RW.001 \r\nKEL.LESES KEC. MANISRENGGO, KAB.KLATSERPONG GREEN PARK 2 BLOK A 11 CIATER SERPONG , TANGERANG SELATAN  15310', '085216109680', '125', 'Active', '2019-01-11 19:16:23', 1, 'N'),
(126, 'C0126', 'MIA', 'JL.RAWAJATI TIMUR III NO.1A RT.004/RW.02 KALIBATA, JAKARTA SELATAN  12750', '08129224007', '126', 'Active', '2019-01-11 19:17:34', 1, 'N'),
(127, 'C0127', 'SYARIFAH MARIYAM', 'KAMPUNG BUBULAK GG PESANTREN RT.003/RW.003,  RUMAHNYA SEBELAH KANAN PINGGIR MASJID KE. CILUAR \r\nKODYA BOGOR', '085881110300', '127', 'Active', '2019-01-11 19:19:24', 1, 'N'),
(128, 'C0128', 'NOVITA ROSANDY', 'PERUM PONDOK TIMUR INDAH 2 \r\nJL. CENDANA BLOK C NO.147 RT.015/RW.017\r\nKEL.JATIMULYA, KEC.TAMBUN SELATAN \r\nKAB.BEKASI', '085881110300', '128', 'Active', '2019-01-11 19:21:10', 1, 'N'),
(129, 'C0129', 'TENGKU DUMASARI', 'JL.GELETIK BLOK F5 NO.12 RT.10/RW.09\r\nPERUMAHAN SAWANGAN PERMAI \r\nKEL.PASIR PUTIH, KEC. SAWANGAN \r\nDEPOK &NDASH; JAWA BARAT', '0811174589', '129', 'Active', '2019-01-11 19:23:12', 1, 'N'),
(130, 'C0130', 'SHELPIA PURWASIH', 'PERUMAHAN CIBADUYUT INDAH BLOK FC NO.26 RT.003/RW.015 \r\nKEL.CANGKUANG, KEC. DAYEUHKOLOT \r\nKAB.BANDUNG', '081324675360', '130', 'Active', '2019-01-11 19:27:11', 1, 'N'),
(131, 'C0131', 'VIA RAKMA', 'JL. SOESETIA NO.1 (BELAKANG SMP 100) RT.003/RW.008 KAPUK, CENGKARENG \r\nJAKARTA BARAT   11720', '081222122998', '131', 'Active', '2019-01-11 19:28:16', 1, 'N'),
(132, 'C0132', 'DEWI MUSTIKA SARI', 'ASSESSMENT &AMP; DEVELOPMENT CENTER KEMENTRIAN PERTAHANAN, GED.A.H.NASUTION LT.14 RUANG (1411) \r\nJL.MEDAN MERDEKA BARAT NO.13-14 \r\nKEC.GAMBIR, JAKARTA PUSAT', '081281810048', '132', 'Active', '2019-01-11 19:29:42', 1, 'N'),
(133, 'C0133', 'SAROPAH', 'BLOK CILAMARAN, DESA TANAJA KIDUL \r\nRT.016/RW.004, KEC.KERTASSEMAYA, KAB.INDRAMAYU  45274', '081325736554', '133', 'Active', '2019-01-11 19:35:48', 1, 'N'),
(134, 'C0134', 'FARAH KARIMAH', 'RDTX TOWR LANTAI 28\r\nJL.PROF DR SATRIO KAV E-IV NO.6  MEGA KUNINGAN\r\nSETIA BUDI,  JAKARTA SELATAN \r\nDKI JAKARTA  12950', '081286898232', '134', 'Active', '2019-01-11 19:45:04', 1, 'N'),
(135, 'C0135', 'ASKIYA', 'TAMAN PUTRI CENDANA BLOK E3A NO.2 KEC,TAMSEL BEKASI KAB.BEKASI', '085211975993', '135', 'Active', '2019-01-11 19:47:36', 1, 'N'),
(136, 'C0136', 'DS PRATIWI', 'JL PAKAR PISANG NO 3 KEL,GENTING PERAK GADANG KEC,PADANG TIMUR  SUMATRA BARAT', '08116688251', '136', 'Active', '2019-01-11 19:49:10', 1, 'N'),
(137, 'C0137', 'ESYA', 'JL.TANJUNGSARI  NO.44  ANTAPANI \r\nBANDUNG', '08990432423', '137', 'Active', '2019-01-12 16:58:02', 1, 'N'),
(138, 'C0138', 'DAHLIA SUKRIA', 'KOMP TAMAN MANGGIS INDAH BLOK E NO.1 RT.001/RW.014  KEL.CILENDONG \r\nKEC.SUKAMAJU  DEPOK', '081223595953', '138', 'Active', '2019-01-12 17:08:53', 1, 'N'),
(139, 'C0139', 'WIDHA', 'PERUMAHAN GRAHA PADMA \r\nJL.TAMAN ANYELIR BLOK L9 NO.12 SEMARANG', '081325658118', '139', 'Active', '2019-01-12 17:10:28', 1, 'N'),
(140, 'C0140', 'SITI ZURIDAH', 'JLN KHS ABDUL MUTHALIB NO.86 RT.009 SAMARINDA', '081253375094', '140', 'Active', '2019-01-12 17:12:42', 1, 'N'),
(141, 'C0141', 'VISKA JUNIYATI', '(ACHUN GULA KABUN) \r\nBANGKA BELITUNG KEC.SUNGAILIAT\r\nJL.LUBUK KELIK', '082178583257', '141', 'Active', '2019-01-12 17:14:08', 1, 'N'),
(142, 'C0142', 'WIDA', 'TAMAN KEDAUNG  JL. KEMUNING 8 A .13 NO.23\r\nCIPUTAT , TANGERANG SELATAN', '087883372255', '142', 'Active', '2019-01-12 17:15:37', 1, 'N'),
(143, 'C0143', 'YONNA MOARDENISARI', 'JL.TAMAN PURI BINTARO PB35 NO.22, BINTARO SEKTOR 9 TANGERANG 15413', '081511306558', '143', 'Active', '2019-01-12 17:18:04', 1, 'N'),
(144, 'C0144', 'DR NENDEN WULANDARI', 'PERUMAHAN PANCABALI NO.107 RT.001/RW.004, KEL.MUKA , KEC.CIANJUR \r\nKAB.CIANJUR', '08122113569', '144', 'Active', '2019-01-12 17:21:29', 1, 'N'),
(145, 'C0145', 'VIVIN', 'JL.THAMRIN V NO.69 GOBAH &NDASH;PEKAN BARU', '0811750111', '145', 'Active', '2019-01-12 17:23:41', 1, 'N'),
(146, 'C0146', 'YANTI RAHMAYANTI', 'JL.MUTIARA NO.13 BUAH BATU KOTA BANDUNG', '081321929200', '146', 'Active', '2019-01-12 17:25:08', 1, 'N'),
(147, 'C0147', 'LIA DONI', 'KOMP TAMAN ASRI BLOK C3 KAVLING NO.113 \r\nJL.GELATIK RT.001/RW.003 CIPADU JAYA \r\nLARANGAN TANGERANG 15155', '081299055777', '147', 'Active', '2019-01-12 17:26:56', 1, 'N'),
(148, 'C0148', 'DEWI INDRAWATI', 'PERUMAHAN CITRAGRAN BLOK O9 NO.19 CLUSTER THE TARN CIBUBUR KEC.JATISAMPURNA, KEL.JATIKARYA  \r\nBEKASI', '08122940422', '148', 'Active', '2019-01-12 17:28:42', 1, 'N'),
(149, 'C0149', 'MANDIRI ASIAAFRIKA', 'BANDUNG JL.ASIA AFRIKA', '0811111111', '149', 'Active', '2019-01-14 20:38:28', 1, 'N'),
(150, 'C0150', 'INDRIYANI YUNI NUGRAHA', 'KOMPLEK BOGOR RAYA  PERMAI BLOK FM VI NO.6  RT.04/14 , KEL. CURUG ,\r\nKEC.BOGOR BARAT, KOTA BOGOR', '087872799216', '150', 'Active', '2019-01-14 20:41:11', 1, 'N'),
(151, 'C0151', 'TANTO RAHARJO', 'BRI CAB.BANDUNG AH NASUTION \r\nJL.AH NASUTION NO.140 \r\nBANDUNG', '081910244369', '151', 'Active', '2019-01-14 20:42:06', 1, 'N'),
(152, 'C0152', 'WIRDANINGSIH', 'MERAH DELIMA RAYA EB 5 NO. 1 RT. 10/RW.14 \r\nPERUM MUSTIKA KARANG SATRIA TAMBUN UTARA\r\nJAKARTA', '08170746408', '152', 'Active', '2019-01-14 20:42:56', 1, 'N'),
(153, 'C0153', 'IKA WARDIANA', 'KOMPLEK GRIYA MANDIRI EX BDN \r\nJALAN KECAPI NO. 12B CILANDAK BARAT JAKARTA SELATAN 12430', '081617151899', '153', 'Active', '2019-01-14 20:43:54', 1, 'N'),
(154, 'C0154', 'RAUDATUL JANA', 'JL.JENDRAL SUDIRMAN KAWASAN SCBD \r\nKEBAYORAN BARU, APARTEMENT PACIFIC PLACE TOWER 1 LANTAI 30 KAV, 52-53\r\nJAKARTA SELATAN \r\nHP : 081299212263', '081299212263', '154', 'Active', '2019-01-14 20:44:49', 1, 'N'),
(155, 'C0155', 'YUNTARI AGUSTINA', 'APARTEMEN PURI  PARK VIEW TOWER BA/16/011 JL. PASANGGRAHAN MERUYA UTARA, KOTA JAKARTA BARAT', '081234014605', '155', 'Active', '2019-01-14 20:46:47', 1, 'N'),
(156, 'C0156', 'WIWIK WIJAYANTI', 'PERUM PERMATA PURI 3 DUSUN RESOMULYO RT05/RW.02 GENTENG WETAN KEC.GENTENG, KAB BANYUWANGI', '082332962581', '156', 'Active', '2019-01-14 20:48:53', 1, 'N'),
(157, 'C0157', 'EMMA IMRON', 'PONPES BAITUL AQROM AL-ISLAMI LEMBURAWI KM09 CIPARAY BANDUNG PACET, KAB.BANDUNG', '082240090002', '157', 'Active', '2019-01-14 20:50:41', 1, 'N'),
(158, 'C0158', 'MIRA NUR AZIZAH', 'JL.KADIPATEN KIDUL KP1 /NO./348 YOGYAKARTA RT.01/RW.003 KEC.KRATON, KOTA YOGYAKARTA', '089644223069', '158', 'Active', '2019-01-14 20:52:16', 1, 'N'),
(159, 'C0159', 'LINDA ASTARI', 'NGINDEN INTAN TIMUR 19/A4-22 \r\nKEC.SUKOLILO , SURABAYA -60118', '08123297175', '159', 'Active', '2019-01-15 17:48:01', 1, 'N'),
(160, 'C0160', 'EVA ANDIANI', 'PERUM GRAHA ESTETIKA \r\nJL.PRIMA SELATAN BLOK D-30 CLUSTER  EKSEKUTIF\r\nTEMBALANG SEMARANG', '08112745789', '160', 'Active', '2019-01-15 17:51:32', 1, 'N'),
(161, 'C0161', 'DR RETNI FAISAL', 'PUSKESMAS KETAPANG 2 \r\nJL.H.IMBRAN NO.10 HM.ARSYAD \r\nKEC.MENTAWA BARU KETAPANG KAB.KOTAWARINGIN TIMUR KALTENG', '081250809007', '161', 'Active', '2019-01-15 17:53:32', 1, 'N'),
(162, 'C0162', 'NINDYKS', 'JL.DELMAN INDAH VI NO.8 RT.002/RW.011 KEBAYORAN BARU, JAKARTA SELATAN', '087888496732', '162', 'Active', '2019-01-15 17:55:27', 1, 'N'),
(163, 'C0163', 'DEIS', 'JL.TAMPOMAS (DEPAN TOKO BGS LAMA) KEL.KOTA KALER, KAB.SUMEDANG', '081394903000', '163', 'Active', '2019-01-15 17:57:02', 1, 'N'),
(164, 'C0164', 'RESELLER RINI', 'JL.PERAK GADANG 2 NO.7C KEC.PADANG TIMUR \r\nPADANG \r\nHP : 0813.7414.2455', '081374142455', '164', 'Active', '2019-01-15 18:01:47', 1, 'N'),
(165, 'C0165', 'MILA', 'JALAN MT HARYONO NO 6 ( SPBU AKAWY) KELURAHAN GUNUNG ELAI KECAMATAN BONTANG UTARA , KALTIM', '081250809007', '165', 'Active', '2019-01-16 16:22:03', 1, 'N'),
(166, 'C0166', 'PUTRI', 'EMERALD RESIDENCE ( SEBELAH HOTEL AYAKA SUITES ) \r\nJALAN KATET PEDURENAN RT 05, RW 06, KUNINGAN, KARET KUNINGAN, SETIABUDI, JAKARTA SELATAN', '085761298723', '166', 'Active', '2019-01-16 16:30:34', 1, 'N'),
(167, 'C0167', 'DHIRA', 'JALAN MERAK V NO.12/N1 BINTARO JAYA SEKTOR 1 JAKARTA SELATAN', '08568392940', '167', 'Active', '2019-01-16 16:32:01', 1, 'N'),
(168, 'C0168', 'RICCA RAHMA', 'JL.RAYA KARANG NONGKO NO.9 RT.04/RW.02 \r\nPEKARUNG (AGEN BRI LINK ALI CHILMI) \r\nKAB.SIDOARJO, JAWA TIMUR \r\nHP : 082231440114', '082231440114', '168', 'Active', '2019-01-17 19:15:47', 1, 'N'),
(169, 'C0169', 'IFAN', 'JL. PALEDANG NO 12 RT 02/03 KEC. CIPARAY KAB. BANDUNG (NEWBRAIN STUDIO)\r\nHP : 087825655664', '087825655664', '169', 'Active', '2019-01-17 19:16:33', 1, 'N'),
(170, 'C0170', 'ANDRIANA ERNA', 'TIBAN PESONA RHABAYU THP II BLK A26 \r\nBATAM', '081220077089', '170', 'Active', '2019-01-17 19:17:31', 1, 'N'),
(171, 'C0171', 'ANGGIA', 'KOMPLEK DUTA KENCANA 2 JL DUTA PELANGI NO 1 BOGOR 16164\r\nHP : 08128510003', '08128510003', '171', 'Active', '2019-01-17 19:18:20', 1, 'N'),
(172, 'C0172', 'AULIA', 'JL. RAYA RAGUNAN NO 185 RT 13 RW 03 PASAR MINGGU JAKARTA SELATAN  12520\r\nHP. 0813 8232 6110', '081382326110', '172', 'Active', '2019-01-17 19:19:10', 1, 'N'),
(173, 'C0173', 'NAIRLINI ASFAROHYANI', 'DPIP-OJK\r\nMENARA RADIUS PRAWIRO LANTAI 11\r\nKOMPLEKS PERKANTORAN BANK INDONESIA \r\nJL MH THAMRIN NO 2\r\nJAKARTA PUSAT 10350\r\nHP: 081285123282', '081285123282', '173', 'Active', '2019-01-17 19:20:21', 1, 'N'),
(174, 'C0174', 'TINA PAMUKASARI', 'JL.BSD BOULEVARD BARAT GREEN OFFICE PARK .3 BSD CITY SAMPORA CISAUK  LT.3\r\nFINANCE, KAB.TANGERANG \r\nHP : 081290399336', '081290399336', '174', 'Active', '2019-01-17 19:21:12', 1, 'N'),
(175, 'C0175', 'DWI', 'JL. PUSPANJOLO DALAM 5 NO.15, KELURAHAN CABEAN, KECAMATAN SEMARANG BARAT. SEMARANG\r\nHP  : 085259741852', '085259741852', '175', 'Active', '2019-01-17 19:21:54', 1, 'N'),
(176, 'C0176', 'IRMA NASUTION', 'KANTOR KIP/KPU KOTA SUBULUSSALAM ACEH\r\nHP : 081265561092', '081265561092', '176', 'Active', '2019-01-17 19:23:18', 1, 'N'),
(177, 'C0177', 'ROSI AMELIA', 'JALAN ICE SKATING III NO 2,KEL. CISARANTEN ENDAH. KEC. ARCAMANIK BANDUNG\r\nHP : 085271125800', '085271125800', '177', 'Active', '2019-01-17 19:24:29', 1, 'N'),
(178, 'C0178', 'YUKO RESELLER', 'JL.PULOMAS UTARA II NO.5 JAKARTA TIMUR', '081314696695', '178', 'Active', '2019-01-18 18:09:16', 1, 'N'),
(179, 'C0179', 'ANDI FINDYA', 'ASPOL TELLO BARU BLOK B2 NO.2\r\nKEC.PANAKKUKANG KOTA MAKASSAR', '082197269630', '179', 'Active', '2019-01-18 19:25:46', 1, 'N'),
(180, 'C0180', 'FASYA MAULIDA FIRDHANI', 'DSN GENTENG RT.01/RW.09 \r\nDESA GUNUNGMANIK, KEC.TANJUNGSARI \r\nSUMEDANG \r\nHP : 082157837171', '082157837171', '180', 'Active', '2019-01-18 19:26:49', 1, 'N'),
(181, 'C0181', 'ANDISTI MAULIARATI', 'JLN. MASJID AGUNG 1 KELURAHAN KAUMAN KECAMATAN PASAR KLIWON SOLO 57112', '085600690403', '181', 'Active', '2019-01-18 19:27:47', 1, 'N'),
(182, 'C0182', 'ANTIE  GUMULYA', 'KOMP PQT JL SAFA BLOK C NO 26 SRENGSENG-KEMBANGAN JAKARTA BARAT', '0811897773', '182', 'Active', '2019-01-18 19:29:03', 1, 'N'),
(183, 'C0183', 'NURUL AMELIA FITRI', 'JLN. MASJID AGUNG 1 KELURAHAN KAUMAN KECAMATAN PASAR KLIWON SOLO 57112', '085600690403', '183', 'Active', '2019-01-18 19:31:06', 1, 'N'),
(184, 'C0184', 'MAMA', 'BANDUNG', '00000000000', '184', 'Active', '2019-01-19 11:34:01', 1, 'N'),
(185, 'C0185', 'BPN KOTA BANDUNG', 'JL.SOEKARNO HATTA', '081222398995', '185', 'Active', '2019-01-19 11:37:00', 1, 'N'),
(186, 'C0186', 'RATIH RESELLER BAUBAU', 'JL. JENDRAL SUDIRMAN NO. 36\r\nKEL. TOMBA  KEC. WOLIO\r\nKOTA. BAUBAU\r\nSULAWESI TENGGARA', '085255288255', '186', 'Active', '2019-01-19 12:50:44', 1, 'N'),
(187, 'C0187', 'DIAN SUCI ASTUTI', 'KOMP. KUNCIRAN MAS PERMAI, JL. BALITA IX NO. 1, RT. 004/RW. 004, KUNCIRAN INDAH, PINANG, KOTA TANGERANG\r\nHP  : 081299330933', '081299330933', '187', 'Active', '2019-01-21 19:51:29', 1, 'N'),
(188, 'C0188', 'METHA AQUARISTA', 'FIRDAUS REGENCY JL MAYJEN SUNGKONO BLOK D / 11 SENGON JOMBANG \r\nNO TLP : 082233750111', '082233750111', '188', 'Active', '2019-01-21 19:54:51', 1, 'N'),
(189, 'C0189', 'DELISTYA PUSPA', 'JALAN RW MONGINSIDI NO. 25 RT : 01 RW : 01 KALIDONI, PALEMBANG   30118\r\nHP : 085268892662', '085268892662', '189', 'Active', '2019-01-21 19:56:27', 1, 'N'),
(190, 'C0190', 'TINE TRISNAWATI', 'MUNGGANG RT 01/08 (RUMAH KETUA RW)\r\nDESA MEKARGALIH\r\nKEC JATINANGOR\r\nHP : 08996191714', '08996191714', '190', 'Active', '2019-01-21 19:57:43', 1, 'N'),
(191, 'C0191', 'DEWI INNDRAWATI', 'PERUMAHAN CITRAGRAN BLOK O9 NO.19 CLUSTER THE TARN CIBUBUR KECAMATAN JATISAMPURNA KELURAHAN JATIKARYA BEKASI 17345\r\nHP : 08122940422', '08122940422', '191', 'Active', '2019-01-21 19:59:16', 1, 'N'),
(192, 'C0192', 'ASRI RETNA SUNDARI', 'MALL KOTA KASABLANKA \r\nPRUDENTIAL CENTRE \r\nDEPARTMENT TRAINING EDUCATION AND DEVELOPMENT ( TED) LT.16\r\nJL. CASABLANCA KAV 88\r\nJAKARTA 12870\r\nHP : 087779771997', '087779771997', '192', 'Active', '2019-01-21 20:00:20', 1, 'N'),
(193, 'C0193', 'CORY', 'JL.KOPO.GG.PAK.SAHDI.NO.7, KOTA BANDUNG, BOJONGLOA KALER, JAWA BARAT, ID, 40232', '082126161813', '193', 'Active', '2019-01-21 20:01:52', 1, 'N'),
(194, 'C0194', 'ROSA SHINTA ROSYADI', 'JL WR SUPRATMAN NO 58 , KOTA BANDUNG, CIBEUNYING KIDUL, JAWA BARAT, ID, 40121', '081336400605', '194', 'Active', '2019-01-21 20:04:23', 1, 'N'),
(195, 'C0195', 'DR MAULA', 'RS CICENDO BANDUNG', '0000000', '195', 'Active', '2019-01-22 10:37:06', 1, 'N'),
(196, 'C0196', 'NURHIMAH', 'JALAN BANDANG NO 229-231 MAKASSAR, KOTA MAKASSAR, BONTOALA, SULAWESI SELATAN, ID, 90123', '085255752222', '196', 'Active', '2019-01-22 16:00:48', 1, 'N'),
(197, 'C0197', 'ISNAWATI SUDESING', 'JL. KELAPA NO 75 (BANK MANDIRI KCP PALOPO PUSAT NIAGA), KOTA PALOPO, WARA SELATAN, SULAWESI SELATAN, ID, 90222', '08113672829', '197', 'Active', '2019-01-22 16:02:41', 1, 'N'),
(198, 'C0198', 'MUTIARA MAYANG OKTAVIA', 'MUC BUILDING, JL. TB SIMATUPANG NO. 15, KOTA JAKARTA SELATAN, JAGAKARSA, DKI JAKARTA, ID, 12530', '082110662323', '198', 'Active', '2019-01-22 16:04:05', 1, 'N'),
(199, 'C0199', 'EFA HENDRO', 'PERUMAHAN GRIYA SATRIA INDAH (SELATAN SMP 9) JL. EMERALD BLOK D13 KEL. SUMAMPIR KEC. PURWOKERTO UTARA, KAB. BANYUMAS, PURWOKERTO UTARA, JAWA TENGAH, ID, 53125', '082220788677', '199', 'Active', '2019-01-22 16:05:45', 1, 'N'),
(200, 'C0200', 'MAUDY AZAHRA', 'KOMPLEK PURI KARTIKA. JALAN MELATI BLOK B3 NOMOR 11 RT.02 RW.08, TAJUR, KOTA TANGERANG, CILEDUG, BANTEN, ID, 15152', '081387870393', '200', 'Active', '2019-01-22 16:07:26', 1, 'N'),
(201, 'C0201', 'YUSLIMAH', 'SBC EXSPRESS JAKARTA\r\nJL.JEMBATAN 3 NO 5D\r\nRT.003/RW.001\r\nKEL.PENJAGALAN \r\nKEC.PENJARINGAN\r\nJAKARTA UTARA   14450', '085294371119', '201', 'Active', '2019-01-22 16:08:47', 1, 'N'),
(202, 'C0202', 'DR SANTI', 'RS CICENDO BANDUNG', '08122112289', '202', 'Active', '2019-01-22 17:49:57', 1, 'N'),
(203, 'C0203', 'DR IRA', 'RS CICENDO BANDUNG', '0812222222', '203', 'Active', '2019-01-22 17:55:37', 1, 'N'),
(204, 'C0204', 'RENI ANGGRAENI', 'BANK MANDIRI', '080808080', '204', 'Active', '2019-01-24 10:16:47', 1, 'N'),
(205, 'C0205', 'DR SUSI', 'RS CICENDO BANDUNG', '08766666666', '205', 'Active', '2019-01-24 18:52:41', 1, 'N'),
(206, 'C0206', 'JOHAN PERDANA', 'JALAN MAWAR 5 NOMOR 298 PERUMNAS CONDONGCATUR SLEMAN YOGYAKARTA, KAB. SLEMAN, DEPOK, DI YOGYAKARTA, ID, 55283', '085250605130', '206', 'Active', '2019-01-24 19:18:56', 1, 'N'),
(207, 'C0207', 'DRG LINTANG', 'KLINIK AMANDA JLN CEGER RAYA NO 48 PONDOK BETUNG NO 48 KEC PDK AREN TANGERANG, KOTA TANGERANG SELATAN, PONDOK AREN, BANTEN, ID, 15521', '08129617682', '207', 'Active', '2019-01-24 19:23:00', 1, 'N'),
(208, 'C0208', 'AHMAD HAWABAJA', 'JL. PAHLAWAN KM 117 SAMPING ASPOL BELOPARANG, KAB. BANTAENG, BISSAPPU, SULAWESI SELATAN, ID, 92451', '085242946963', '208', 'Active', '2019-01-24 19:27:40', 1, 'N'),
(209, 'C0209', 'SHINTA AYU', 'BRI 2 LT 30 DIVISI MARKOM (JL JENDRAL SUDIRMAN NO 44-46), KOTA JAKARTA PUSAT, TANAH ABANG, DKI JAKARTA, ID, 10210', '081290288813', '209', 'Active', '2019-01-24 19:29:36', 1, 'N'),
(210, 'C0210', 'EVA YULIASTA', 'JASA RAHARJA JALAN PROF. SRI SOEDEWI NO 19 TELANAIPURA JAMBI, KOTA JAMBI, TELANAIPURA, JAMBI, ID, 36122', '0811868250', '210', 'Active', '2019-01-24 19:31:26', 1, 'N'),
(211, 'C0211', 'FIYA LASAHIDO', 'JL LEBAK BULUS V NO.16 007/04 CILANDAK BARAT, KOTA JAKARTA SELATAN, CILANDAK, DKI JAKARTA, ID, 12430', '081211513061', '211', 'Active', '2019-01-24 19:33:48', 1, 'N'),
(212, 'C0212', 'TASKIA JUWITA', 'PERUM. KEMANG REGENCY BLOK K2 NO 11 RT/02 RW/20 BANTAR KEMANG, KELURAHAN KATULAMPA, KOTA BOGOR, BOGOR TIMUR - KOTA, JAWA BARAT, ID, 16143', '082115567462', '212', 'Active', '2019-01-24 19:34:54', 1, 'N'),
(213, 'C0213', 'NY EVA', 'JL LOKA INDAH NO 6 WARUNG BUNCIT RAYA\r\nJAKARTA SELATAN 12740', '081377514999', '213', 'Active', '2019-01-24 19:56:32', 1, 'N'),
(214, 'C0214', 'CINDY NURWULAN', 'KP. BABAKAN NO. 88 (BELAKANG) RT/RW 01/05 DESA. MAJASETRA KEC. MAJALAYA 40382', '082130046222', '214', 'Active', '2019-01-24 19:58:58', 1, 'N'),
(215, 'C0215', 'TRI ANDAYANI', 'TELAGA GOLF SAWANGAN CLUSTER ESPANOLA , BLOK C XV  NO.2 SAWANGAN DEPOK', '087884477729', '215', 'Active', '2019-01-24 20:00:38', 1, 'N'),
(216, 'C0216', 'RISTI RAHMANIATAMI', 'KANTOR PELAYANAN PAJAK PRATAMA CIBINONG, JL. AMAN NO.1 KOMPLEK PEMDA KAB. BOGOR 169\r\nHP : 08111141092', '08111141092', '216', 'Active', '2019-01-24 20:02:32', 1, 'N'),
(217, 'C0217', 'AYI DARWATI', 'DUSUN SAYANG NO.163  RT.04/06 DESA SAYANG KEC.JATINANGOR  KAB.SUMEDANG', '0817210215', '217', 'Active', '2019-01-24 20:04:54', 1, 'N'),
(218, 'C0218', 'ATIKAH BADZLINA', 'ALAMAT :GEDUNG MENARA BIDAKARA 1 LANTAI 13 PT TAIKISHA INDONESIA ENGINEERING JL JEND GATOT SUBROTO KAV 71-73 PANCORAN JAKARTA SELATAN', '082112345585', '218', 'Active', '2019-01-24 20:07:01', 1, 'N'),
(219, 'C0219', 'DATIK AZZAHRA KERUDUNG', 'LT 5 BLOK A12 NO 11 THAMRIN CITY\r\n JAKARTA PUSAT', '082124571102', '219', 'Active', '2019-01-24 20:08:33', 1, 'N'),
(220, 'C0220', 'RAFIKA POEL', 'ALAMAT :JL LET JEN JAMIN GINTING GG. KAMBOJA NI 23 ACD DEPAN MESJID AL-HASANAH MEDAN BARU-20155', '081370557550', '220', 'Active', '2019-01-24 20:09:43', 1, 'N'),
(221, 'C0221', 'ELMA FITRIA', 'JL. BUKIT DAGO UTARA 2 NO.36, \r\nKELURAHAN DAGO,KECAMATAN COBLONG\r\nKOTA BANDUNG, JAWA BARAT 40135', '08112224205', '221', 'Active', '2019-01-24 20:11:24', 1, 'N'),
(222, 'C0222', 'HARTINI DWI LISTIANI', 'PONED PUSKESMAS KECIPIR\r\nJL.RAYA LOSARI TANJUNG KM.4 LOSARI KABUPATEN BREBES PROV.JATENG 52255', '085640025101', '222', 'Active', '2019-01-24 20:12:32', 1, 'N'),
(223, 'C0223', 'ERINA', 'JALAN KUNING LANGSAT C5/11-12. RT 019,RW 010. KOMPLEK WALIKOTA. KELAPA GADING TIMUR. JAKARTA UTARA. 14240', '081280389994', '223', 'Active', '2019-01-24 20:13:39', 1, 'N'),
(224, 'C0224', 'YOGA', 'HONDA PASTEUR', '0888888', '224', 'Active', '2019-01-25 17:57:00', 1, 'N'),
(225, 'C0225', 'LIHARDIANA', 'ALAMAT :KAV PESONA ASRI RT 05 RW 05 NO 11 ATAU 3A, JL RAYA PONDOK RANGGON ,MUNJUL ,CIPAYUNG  JAKARTA TIMUR', '08128427008', '225', 'Active', '2019-01-25 19:21:40', 1, 'N'),
(226, 'C0226', 'DWI', 'JL. PUSPANJOLO DALAM 5 NO.15, KELURAHAN CABEAN, KECAMATAN SEMARANG BARAT. SEMARANG', '085259741852', '226', 'Active', '2019-01-25 19:25:10', 1, 'N'),
(227, 'C0227', 'SILVIANA', 'PESONA CIWASTRA PERMAI BLOK C3 NO 13 KEL. MARGASARI KEC. BUAHBATU (CIWASTRA) 40286', '081293210810', '227', 'Active', '2019-01-25 19:26:28', 1, 'N'),
(228, 'C0228', 'DEWI MUYASAROH', 'JL. PUNCAK JAYA II PERUM GREEN MANSION BLOK B-27 PARE KEDIRI JATIM', '085649105426', '228', 'Active', '2019-01-25 19:31:20', 1, 'N'),
(229, 'C0229', 'DESI MARLINDA', 'JL GAJAH MADA GUNUNG PANGILUN RSI IBNU SINA PADANG KECAMATAN PADANG UTARA PROVINSI SUMATERA BARAT', '081363435511', '229', 'Active', '2019-01-25 19:34:53', 1, 'N'),
(230, 'C0230', 'DAHLIA', 'MAKASSAR', '088888', '230', 'Active', '2019-01-25 20:17:34', 1, 'N'),
(231, 'C0231', 'NUNING NINING SURYANDARI', 'JL. TERUSAN BUAHBATU KOMP. CHERRY FIELD CLUSTER CISTENA BLOK A NO. 10, CIGANITRI BOJONGSOANG, KECAMATAN LENGKONG, \r\nBANDUNG - 40287', '0811218224', '231', 'Active', '2019-01-28 14:34:15', 1, 'N'),
(232, 'C0232', 'YULIANA', 'JL TRANSMIGRASI NO 24 MAJELUK, \r\nPERUMAHAN GARDEN VIEW RESIDENCE BLOK J NO 3 \r\n KEL. MONJOK TIMUR , KEC. SELAPARANG\r\n KOTA  MATARAM , PROV .NTB', '087765044553', '232', 'Active', '2019-01-28 14:36:34', 1, 'N'),
(233, 'C0233', 'TANTRI CITRA WURYANTI', 'JLN TERATAI NO 16 C RT 3 RW 1 KEL SRENGAT KEC SRENGAT KAB BLITAR KODE POS 66152              \r\nHP:  08125210532', '08125210532', '233', 'Active', '2019-01-29 16:09:25', 1, 'N'),
(234, 'C0234', 'ENDANG PUDJI R', 'BANK MANDIRI \r\nJL. TERS KOPO SAYATI 228 A BDG\r\nNO TLP : 082141888391', '082141888391', '234', 'Active', '2019-01-29 16:15:13', 1, 'N'),
(235, 'C0235', 'EVA ANDINI', 'PERUM GRAHA ESTETIKA\r\nJL. PRIMA SELATAN BLOK D-30\r\nCLUSTER EKSEKUTIF \r\nTEMBALANG SEMARANG', '08112745789', '235', 'Active', '2019-01-29 16:16:22', 1, 'N'),
(236, 'C0236', 'NUR SAFITRI', 'ALAMAT: JL. PAMEKAR TIMUR VI NO.1 RT04 RW03 KEC. PANYILEUKAN KOTA BANDUNG 40613', '087823795528', '236', 'Active', '2019-01-29 16:19:45', 1, 'N'),
(237, 'C0237', 'ABDUL AZIZ SH M HUM', 'ABDUL AZIZ, SH.M.HUM\r\nPENGADILAN NEGERI PELANBARU, JLN TERATAI, NO.85 SUKAJADI-PEKANBARU. 28114', '08126934688', '237', 'Active', '2019-01-29 16:20:55', 1, 'N'),
(238, 'C0238', 'FINDY TRI SINTYA PUTRI', 'KAMPUNG BARU TEBING RT.03RW.03NO .25\r\nKELURAHAN TEBING \r\nKECAMATAN TEBING\r\nTANJUNG BALAI KARIMUN  KEPRI 29627', '085278384433', '238', 'Active', '2019-01-29 16:25:03', 1, 'N'),
(239, 'C0239', 'YULIANA', 'JL TRANSMIGRASI NO 24 MAJELUK, \r\nPERUMAHAN GARDEN VIEW RESIDENCE BLOK J NO 3 \r\n KEL. MONJOK TIMUR , KEC. SELAPARANG\r\n KOTA  MATARAM , PROV .NTB', '087765044553', '239', 'Active', '2019-01-29 16:27:10', 1, 'N'),
(240, 'C0240', 'INDRIANI', 'KOMPLEK LALADON PERMAI, JL. MELATI BLOK G NO 16 BOGOR 16610', '081285950509', '240', 'Active', '2019-01-29 16:29:05', 1, 'N'),
(241, 'C0241', 'FATHIA SYAHRANTI', 'ALAMAT :PERUM CITRA GRAN CLUSTER TERRACE GARDEN BLOK G32 NO.25 RT3/RW13, KEL. JATIKARYA, KEC. JATISAMPURNA, \r\nKOTA BEKASI, JAWA BARAT. 17435', '081213468747', '241', 'Active', '2019-01-29 16:53:57', 1, 'N'),
(242, 'C0242', 'DIZA', 'JL. KEMANG TIMUR VI NO.11A\r\nJAKARTA SELATAN', '081691400', '242', 'Active', '2019-01-29 16:55:53', 1, 'N'),
(243, 'C0243', 'FARAH INAYATI', 'JL BATAN 2 NO 6 RT 6 RW 4 KP PARUNG SERAB KEL TIRTAJAYA KEC SUKMAJAYA,DEPOK', '082110279840', '243', 'Active', '2019-01-29 16:58:28', 1, 'N'),
(244, 'C0244', 'MEMEI PATRICIA', 'PT. TIMAH TBK \r\nJLN JENDRAL SUDIRMAN NO 51 \r\nPANGKALPINANG KECAMATAN GERUNGGANG \r\nBANGKA BELITUNG 33121', '08117177144', '244', 'Active', '2019-01-29 17:00:34', 1, 'N'),
(245, 'C0245', 'YENNI ANGGRAINI', 'JL PERTIWI BARU NO 1A. KECAMATAN MEDAN TEMBUNG. KELURAHAN BANTAN .KOTA MEDAN. 20224', '081247656934', '245', 'Active', '2019-01-29 17:02:51', 1, 'N'),
(246, 'C0246', 'SEPTIAN INTAN WULANDARI', 'ALANA GREEN NO. C3, JLN. SWADAYA BOJONG RAWALUMBU, BEKASI 17116 (JEMBATAN 3/4 RAWALUMBU, DEKAT MASJID   AL-HIKMAH)', '087889410450', '246', 'Active', '2019-01-29 17:04:06', 1, 'N'),
(247, 'C0247', 'NISA', 'DESA  LIMBANGAN TENGAH JLN INPRES PASAR HEUBEL RT 01 RW 07 (MIE BASO RUDAL MAS OBI) \r\nKECAMATAN .BELUBUR LIMBANGAN \r\nKABUPATEN  GARUT', '085314688833', '247', 'Active', '2019-01-29 17:13:12', 1, 'N'),
(248, 'C0248', 'LINA RUMANTIR', 'GRAHA MELASTI RUMAHKU 2 JL ARJUNA BLOK BY 6 NO 3 RT 006 RW 002 DESA SUMBERJAYA KEC TAMBUN SELATAN BEKASI 17510', '08988954004', '248', 'Active', '2019-01-29 17:25:51', 1, 'N'),
(249, 'C0249', 'RHAMA PRIOHARTONO MULYANA PUTRA', 'KOMPLEK BARANANGSIANG INDAH BLOK N2 NO 9 RT 03/09 DS. GUNUNG LEUTIK KEC. CIPARAY KAB. BANDUNG 40381', '082219724977', '249', 'Active', '2019-01-29 18:25:51', 1, 'N'),
(250, 'C0250', 'MAYLINASTUTI', 'GEDUNG TRIMITRA GROUP            \r\nJL. CENDRAWASIH RAYA NO. 36-37       \r\nPONDOK PINANG,KEBAYORAN LAMA              \r\nJAKARTA SELATAN', '087783838700', '250', 'Active', '2019-01-29 18:27:05', 1, 'N'),
(251, 'C0251', 'ANDI ARLYAWATI', 'BANK BRI CAB. WATAMPONE JL. AHMAD YANI NO.11 KEL. WATAMPONE KEC. TANETE RIATTANG \r\nKAB. BONE SULSEL', '0811429464', '251', 'Active', '2019-01-29 18:31:04', 1, 'N'),
(252, 'C0252', 'SUSI SAFITRI', 'PERUMAHAN GRAND TAMAN SARI,\r\nCLUSTER TARAKAN BLOK B1/18,\r\nSAMARINDA SEBERANG - KALIMANTAN TIMUR', '081276112569', '252', 'Active', '2019-01-29 18:32:42', 1, 'N'),
(253, 'C0253', 'RAHMIRINI DATAU', 'RAHMIRINI DATAU  \r\nJL.PEMUDA ASLI 1 NO.43-44 RT.002/003 \r\nRAWAMANGUN-PULOGADUNG \r\nJAKARTA TIMUR 13220', '0895326891972', '253', 'Active', '2019-02-01 19:23:51', 1, 'N'),
(254, 'C0254', 'MITA ARYANTI', 'JL.AHMAD YANI IBUL (DAFFA MOTOR) MANNA BENGKULU SELATAN', '085366075000', '254', 'Active', '2019-02-01 19:24:55', 1, 'N'),
(255, 'C0255', 'LIHARDIANA', 'KAV PESONA ASRI NO.11/3A ,RT.05/RW.05 \r\nJL.RAYA PONDOK RANGGON, MUNJUL,CIPAYUNG\r\nJAKARTA TIMUR', '08128427008', '255', 'Active', '2019-02-01 19:26:45', 1, 'N'),
(256, 'C0256', 'KANIA PUSPITA', 'KANIA PUSPITA \r\nJL.CISARINTEN BARU NO.45 ( DPN DOKTER GIGI ) \r\nARCAMANIK, KOTA BANDUNG', '081319964485', '256', 'Active', '2019-02-01 19:28:30', 1, 'N'),
(257, 'C0257', 'VERY DWIYANTI', 'JL.KH SULAIMAN KOMP.BTN GRAHA BIRU N0.38  \r\nWATAMPONE, KEC.TANETE RIANTTANG, \r\nKAB.BONE SULAWESI SELATAN  92714', '081355831000', '257', 'Active', '2019-02-01 19:29:27', 1, 'N'),
(258, 'C0258', 'SHOPEE', 'BANDUNG', '085788247500', '258', 'Active', '2019-02-06 15:27:47', 1, 'N'),
(259, 'C0259', 'TEH RANI', 'BANDUNG', '087821271864', '259', 'Active', '2019-02-06 15:59:01', 1, 'N'),
(260, 'C0260', 'HESTI RATNASARI', 'DS.GAMBLOKAN RT.002/RW.001 \r\nKEL.LESES KEC. MANISRENGGO, KAB.KLATEN', '081802690600', '260', 'Active', '2019-02-07 15:10:03', 1, 'N'),
(261, 'C0261', 'FARAH KARIMAH', 'RDTX TOWR LANTAI 28\r\nJL.PROF DR SATRIO KAV E-IV NO.6  MEGA KUNINGAN\r\nSETIA BUDI,  JAKARTA SELATAN \r\nDKI JAKARTA  12950', '081286898232', '261', 'Active', '2019-02-07 15:11:51', 1, 'N'),
(262, 'C0262', 'DIAN SAVITRI', 'PERUMAHAN PEARL GARDEN BLOK D10 \r\nJL.PEKAPURAN SUKAMAJU  BARU TAPOS \r\nDEPOK', '081326594672', '262', 'Active', '2019-02-07 15:13:11', 1, 'N'),
(263, 'C0263', 'SHINTA WATI', 'JL.KH WAHID HASYIM GG.MANDOR KECIL NO.55    RT.005/RW.005 KEL.JURANGMANGU TIMUR \r\nKEC.PONDOK AREN, TANGERANG SELATAN  15222', '081210436060', '263', 'Active', '2019-02-07 16:06:33', 1, 'N'),
(264, 'C0264', 'YORI MELISA', 'JL.PELANGI 19 KEC. MARPOYAN DAMAI', '092172244037', '264', 'Active', '2019-02-07 17:27:43', 1, 'N'),
(265, 'C0265', 'BALTOS', 'BANDUNG', '085788247500', '265', 'Active', '2019-02-08 10:20:01', 1, 'N'),
(266, 'C0266', 'INTA DJAMHOER', 'EMERALD VIEW A29\r\nBINTARO SEKTOR 9\r\nTANGERANG SELATAN 15227', '085320091973', '266', 'Active', '2019-02-08 16:43:50', 1, 'N'),
(267, 'C0267', 'ERNA FITRIA', 'BESARAN 044 RT 03 RW 07PARAKAN KAUMAN\r\nPARAKAN 56254\r\nTEMANGGUNG JATENG', '081241313879', '267', 'Active', '2019-02-08 16:45:26', 1, 'N'),
(268, 'C0268', 'ERNA SUSANTI', 'PT. PULAUINTAN JLN KEBUN JAMBU NO 7 KAPUK JAKARTA BARAT', '081584068007', '268', 'Active', '2019-02-08 16:47:15', 1, 'N'),
(269, 'C0269', 'REYKA INDAH', 'JL MALAKA. KOMP MALAKA RESIDENCE B.19 KEL.MUNJUL KEC. CIPAYUNG\r\nJAKARTA TIMUR', '081806200062', '269', 'Active', '2019-02-08 16:48:49', 1, 'N'),
(270, 'C0270', 'JUWITA', 'GEDUNG BRI 2 LT.10 \r\nDIVISI KEBIJAKAN DAN PROSEDUR\r\nJL.JEND SUDIRMAN KAV 44-46, JAKARTA 10210\r\n081340030927', '081340030927', '270', 'Active', '2019-02-08 16:50:14', 1, 'N'),
(271, 'C0271', 'LEGINA', 'CIGADUNG RAYA BARAT NO 13 A,\r\n40191 BANDUNG', '082118779956', '271', 'Active', '2019-02-08 16:51:45', 1, 'N'),
(272, 'C0272', 'MIRA NOVILIA', 'JLN. MAYJEN HARUN SOHAR NO.01 RT.03 KEL.TUMBAK ULAS, \r\nKOTA PAGAR ALAM SELATAN', '08121452522', '272', 'Active', '2019-02-11 14:54:24', 1, 'N'),
(273, 'C0273', 'HAPSARI PRADIPTA', 'PURI PERMATA BLOK B2 NO.20 CIPONDOH MAKMUR, CIPONDOH, TANGERANG', '082297088865', '273', 'Active', '2019-02-11 14:55:50', 1, 'N'),
(274, 'C0274', 'UMMI FAIZAH MASDAR', 'JL.ANGGUR (DEPAN MAJELIS TA&#039;LIM)\r\nKECAMATAN : TANJUNG REDEB\r\nKOTA/KAB: BERAU-KALTIM   77315', '082290110467', '274', 'Active', '2019-02-11 14:56:51', 1, 'N'),
(275, 'C0275', 'MATRANIKA', 'PADANG JL SUTOO MARAPALAM NO,133 DR.VEE', '085263133888', '275', 'Active', '2019-02-13 20:17:22', 1, 'N'),
(276, 'C0276', 'MASRIANI', 'JL ERLANGGA POS 2 (RUKO ERLANGGAJAYA)  \r\nKEL WAMEO, KEC BATUPOARO, BAUBAH SULAWESI TENGGARA', '089999999', '276', 'Active', '2019-02-13 20:23:13', 1, 'N');
INSERT INTO `ms_customer` (`id_customer`, `kode_customer`, `nama_customer`, `alamat_customer`, `telp_customer`, `keterangan_customer`, `status_customer`, `dibuat_customer`, `dibuat_oleh_customer`, `default_customer`) VALUES
(277, 'C0277', 'EKA DEWI LESTARI', 'NUSA TAMALANREA INDAH \r\nJLN. AKASIA RAYA BLOK K NO.10\r\nKEC. TAMALANREA - MAKASSAR', '082349172008', '277', 'Active', '2019-02-13 20:24:57', 1, 'N'),
(278, 'C0278', 'DEWI PUTRINA', 'DEWI PUTRINA (003)\r\n\r\nALAMAT LENGKAP : JL.MARS UTARA III NO.23 MARGAHAYU RAYA , BANDUNG 40286', '081222448864', '278', 'Active', '2019-02-13 20:26:04', 1, 'N'),
(279, 'C0279', 'DIAN', 'PT.  SUN STAR MOTOR, \r\n JL.  JEND.  SUDIRMAN 213 SALATIGA', '081241838720', '279', 'Active', '2019-02-13 20:27:14', 1, 'N'),
(280, 'C0280', 'ICHA', 'PERUM DUREN JAYA JLN. SALAK IV A.720-721 RT.015/012 \r\nBEKASI TIMUR 17111', '085972927444', '280', 'Active', '2019-02-13 20:28:38', 1, 'N'),
(281, 'C0281', 'BRINA KALISD', '(007)\r\nJL. INPRES 2 RT 04/05 NO. 52\r\nKELURAHAN : LARANGAN UTARA\r\nKECAMATAN : LARANGAN\r\nTANGERANG 15154', '08129676398', '281', 'Active', '2019-02-13 20:30:14', 1, 'N'),
(282, 'C0282', 'PADYA WULANDARI', 'BRATANG GEDE 6 F NO 15\r\n SURABAYA -60245-', '08121740167', '282', 'Active', '2019-02-13 20:31:47', 1, 'N'),
(283, 'C0283', 'GELORANISA MUSLIMA', '(009)\r\nJL. VETERAN NO. 51-55,69\r\n BLK BANDUNG, 40112', '08179216026', '283', 'Active', '2019-02-13 20:33:20', 1, 'N'),
(284, 'C0284', 'PUSPA AL', '(010) \r\n\r\nJL PANGRANGO NO 27A PERUMAHAN KARANG INDAH, KARAWANG 41361', '081316184710', '284', 'Active', '2019-02-13 20:34:48', 1, 'N'),
(285, 'C0285', 'TAMMY DEAMANTHA', 'JL BUAH BATU NO.254 BANK BJB CABANG BUAH BATU BANDUNG', '082126046026', '285', 'Active', '2019-02-13 20:44:43', 1, 'N'),
(286, 'C0286', 'ERNING DITTA', 'ALAMAT : PERUMAHAN KOPERASI BUGN BLOK A7 NO 74 RT04 RW10 PASIR PUTIH SAWANGAN DEPOK 16519', '082284400925', '286', 'Active', '2019-02-13 20:45:58', 1, 'N'),
(287, 'C0287', 'MOH CHOIRUL RIJAL MAKRUFAN', 'GD FRANS SEDA LT 1 (DIT PDPPI)\r\nJL WAHIDIN RAYA NO 1 JAKARTA PUSAT (KOMPLEK KEMENTERIAN KEUANGAN)', '089643696964', '287', 'Active', '2019-02-13 20:47:46', 1, 'N'),
(288, 'C0288', 'ERNING DITTA', 'ALAMAT : PERUMAHAN KOPERASI BUGN BLOK A7 NO 74 RT04 RW10 PASIR PUTIH SAWANGAN DEPOK 16519', '082284400925', '288', 'Active', '2019-02-13 20:49:07', 1, 'N'),
(289, 'C0289', 'DEA', 'KEMENTERIAN DESA, PDT &AMP; TRANSMIGRASI\r\nGEDUNG UTAMA LANTAI DASAR \r\nBAGIAN HUMAS\r\nJL. TAMAN MAKAM PAHLAWAN KALIBATA NO. 17 JAKARTA SELATAN 12740', '082269688222', '289', 'Active', '2019-02-13 20:50:56', 1, 'N'),
(290, 'C0290', 'DIANA WIDYASTUTI', 'ALAMAT : GEDUNG SABUGA-ITB, JL TAMANSARI NO. 73 BANDUNG 40132', '085229044651', '290', 'Active', '2019-02-13 20:52:05', 1, 'N'),
(291, 'C0291', 'VENTY AGUSTINE', 'PT SINAROTOMAS\r\nJL.PERUNGGU BLOK J5 \r\n(DEPAN KTR POS PERUNGGU,  SMP 78) \r\nKEL.HARAPAN MULYA,  KEC.KEMAYORAN\r\nKOTA JAKARTA PUSAT  PROVINSI DKI JAKARTA', '082299119668', '291', 'Active', '2019-02-13 20:53:55', 1, 'N'),
(292, 'C0292', 'DAIMATUL KHASANAH', 'TEGALREJO RT 03 RW 01 TAMBAKBOYO PEDAN KLATEN', '085729721726', '292', 'Active', '2019-02-13 20:55:01', 1, 'N'),
(293, 'C0293', 'RIZKI MUTIA', 'JALAN HAJI JAIDI NO. 4A, RT. 009, RW. 011, KELURAHAN PEJATEN TIMUR, KECAMATAN PASAR MINGGU, JAKARTA SELATAN, KODE POS 12510', '082114536484', '293', 'Active', '2019-02-13 20:56:36', 1, 'N'),
(294, 'C0294', 'UMMATUL HASANAH', ': UMMATUL HASANAH ( MALEA ) (022)\r\n\r\nKOMPLEK INDUSTRIAL ENGINEERING, PT BUKAKA TEKNIK UTAMA\r\nJL. RAYA NAROGONG BEKASI KM 19.5, \r\nCILEUNGSI BOGOR', '085770970095', '294', 'Active', '2019-02-13 20:58:50', 1, 'N'),
(295, 'C0295', 'FARAH DIANA', 'KOMPLEK PADEE PERMAI BLOK F NO. 2 COT IRI KEC. ULEE KARENG BANDA ACEH', '081360029872', '295', 'Active', '2019-02-13 21:00:22', 1, 'N'),
(296, 'C0296', 'EGA', 'PERUMAHAN TAMAN KURNIA DJAJA (KDA)\r\nCLUSTER RAJAWALI RAYA NO.4\r\nBATAM CENTER 29432\r\n(TITIP POS SATPAM RAJAWALI SAJA)', '085840700031', '296', 'Active', '2019-02-13 21:01:55', 1, 'N'),
(297, 'C0297', 'RESI AMELIA', 'RESI AMELIA (025)\r\n\r\nALAMAT : PT. CHEVRON PACIFIC INDONESIA FACILITY MANAGEMENT RUMBAI, FM HELPDESK - MELATI OFFICE RUMBAI, PEKANBARU - RIAU, KOTA PEKANBARU, RUMBAI PESISIR, RIAU,', '085278101652', '297', 'Active', '2019-02-13 21:03:42', 1, 'N'),
(298, 'C0298', 'ANGGIE VIRGIANTY', 'PERUM CASA DE ESTA NO. C7 \r\nJL.CIBODAS RAYA ANTAPANI BANDUNG \r\nNO. HP: 081220684783', '081220684783', '298', 'Active', '2019-02-13 21:05:49', 1, 'N'),
(299, 'C0299', 'MIA', 'KOMP UJUNGBERUNG INDAH BLOK 20 \r\nNO 3 RT 05 UJUNGBERUNG BANDUNG', '087821007600', '299', 'Active', '2019-02-13 21:07:25', 1, 'N'),
(300, 'C0300', 'RANNY', 'PT TELVIEW TECHNOLOGY\r\n(GEDUNG CCTV KAMERA) \r\nJL. PAJAJARAN NO 26, RT 03 RW 18\r\nKEL.TAMAN SARI KEC. BANDUNG WETAN BANDUNG 40116', '08562233521', '300', 'Active', '2019-02-13 21:08:53', 1, 'N'),
(301, 'C0301', 'RINI YUDIATI', 'RINI YUDIATI (029)\r\n\r\nKOMPLEK KEHUTANAN JL WANAMULYA 4 NO 19 KEL. KARANG MULYA, KEC. KARANG TENGAH, TANGERANG 15157', '081213571754', '301', 'Active', '2019-02-14 09:35:26', 1, 'N'),
(302, 'C0302', 'DISKA PUTRI PRASTIWI', 'PERUM CIPATAT ELOK BLOK B NO 45 RT 07 RW 15 DESA CIPTAHARJA KEC CIPATAT KAB BANDUNG BARAT (PAK PRAS)', '08977875768', '302', 'Active', '2019-02-14 09:36:58', 1, 'N'),
(303, 'C0303', 'AIDA ROSARINA', 'JLN. DR. SUHARSO GG. SUPROYO NO. 12A KEC. BOJONEGORO-JAWA TIMUR', '08133038177', '303', 'Active', '2019-02-14 09:45:21', 1, 'N'),
(304, 'C0304', 'ARYA NURANI', 'PERUMAHAN GRAND WISATA CLUSTER CELEBRATION TOWN BLOK BB7 NO 16 TAMBUN BEKASI TIMUR 17510', '081294630360', '304', 'Active', '2019-02-14 09:51:37', 1, 'N'),
(305, 'C0305', 'OKTAVIA NURANI', 'PT PLN (PERSERO) UP3 SUKABUMI\r\nJL. BHAYANGKARA NO.220 SUKABUMI JAWA BARAT 43113', '085743113673', '305', 'Active', '2019-02-14 09:57:46', 1, 'N'),
(306, 'C0306', 'SISKA', 'JL. PUALAM RAYA NO.50 RT.06 RW.04 SUMUR BATU, JAKARTA PUSAT 10640', '08566754273', '306', 'Active', '2019-02-14 10:11:36', 1, 'N'),
(307, 'C0307', 'SORAYA', 'JL.DELIMA 1 (MASUK JEMBATAN GG.TONGE DISAN) NO 133 RT 007 RW 05 SRENGSENG SAWAH JAGAKARSA JAKARTA SELATAN', '085813436046', '307', 'Active', '2019-02-14 10:16:00', 1, 'N'),
(308, 'C0308', 'WULLYARTHA H', 'JL. PEJOMPONGAN III A NO 9, TANAH ABANG, JAKARTA PUSAT, 10210', '0817399960', '308', 'Active', '2019-02-14 10:30:50', 1, 'N'),
(309, 'C0309', 'EMMA', 'JL. IBRAHIM ADJIE, GG. KEBON KANGKUNG IV NO. 19/129A RT/RW. 5/6 KEL. KEBON KANGKUNG KEC. KIARACONDONG BANDUNG', '081321214400', '309', 'Active', '2019-02-14 10:35:46', 1, 'N'),
(310, 'C0310', 'NUR FAZRIYAH', 'JL.RADEN FATAH NO.91 RT.001 RW.010 KELURAHAN PARUNG SERAB\r\nKECAMATAN: CILEDUG\r\nKODEPOS: 15153', '085694300741', '310', 'Active', '2019-02-14 10:37:22', 1, 'N'),
(311, 'C0311', 'FARIYANTI ISNIA', 'JL. ARYAMUKTI SELATAN 1 NO 672 SEMARANG \r\nHP : 081225918441', '081225918441', '311', 'Active', '2019-02-14 10:43:19', 1, 'N'),
(312, 'C0312', 'MENTARI SALMA NURBAITI', 'JL. BRANTAS III/18 PONDOK BABADAN BARU, BEJI, UNGARAN TIMUR, \r\nKAB. SEMARANG 50519', '085799415389', '312', 'Active', '2019-02-14 10:54:27', 1, 'N'),
(313, 'C0313', 'DIANA DHADI', 'ALAMAT JL MAYOR SUHERMAN KOMPLEK DIAMOND DREAMLAND BLOK C9 TAROGONG KIDUL GARUT', '085224565634', '313', 'Active', '2019-02-14 10:56:18', 1, 'N'),
(314, 'C0314', 'HENI HEGARWATI', 'RSUD KARAWANG \r\nJLN. GALUH MAS RAYA NO. 1 DS. SUKAHARJA,  KEC.  TELUKJAMBE TIMUR KAB.KARAWANG', '081513404073', '314', 'Active', '2019-02-14 10:57:47', 1, 'N'),
(315, 'C0315', 'INDRI KASUKO', 'JL CUT NYAK DIEN C24, S\r\nALONSA, SOROAKO, KEC NUHA, KAB LUWU TIMUR, SULAWESI SELATAN', '08124143294', '315', 'Active', '2019-02-14 10:59:29', 1, 'N'),
(316, 'C0316', 'LIA', '/MAMA ADEN (049) \r\n\r\nWARUNG ERNA BLKG PESANTREN ALBIDAYAH KP. CICANGKUANG RT 03/08 DESA GIRI ASIH KEC. BATUJAJAR KAB. BANDUNG BARAT 40561', '089626637032', '316', 'Active', '2019-02-14 11:07:09', 1, 'N'),
(317, 'C0317', 'CITRA ROSIANA', 'JL. CIHAMPELAS NO. 182\r\n (PT. BANK MANDIRI CAB CIHAMPELAS) \r\nKEC. COBLONG KEL. CIPAGANTI\r\n BANDUNG 40131', '085624306043', '317', 'Active', '2019-02-14 11:10:36', 1, 'N'),
(318, 'C0318', 'LOVEZA DEFIC SURIANINGRUM', 'ARJUNA MOTOR 22 JL KARANGANOM KM 1 SEWAN MAYUNGAN NGAWEN KLATEN', '08122699668', '318', 'Active', '2019-02-14 11:16:51', 1, 'N'),
(319, 'C0319', 'NENDAH SUSTIANA', 'JL NARIPAN 24-26 KEL KEBON PISANG KEC SUMUR BANDUNG, BANDUNG \r\n(KANTOR ASTRA CREDIT COMPANIES)', '08562154558', '319', 'Active', '2019-02-14 11:19:48', 1, 'N'),
(320, 'C0320', 'RINI MARINI', 'KOMPLEK PERMATA CIMAHI JL. ZAMRUD RAYA BLOK F-1 NO.18 RT.04 RW.13 KEC.NGAMPRAH \r\nKAB.BANDUNG BARAT', '081221900373', '320', 'Active', '2019-02-14 11:20:51', 1, 'N'),
(321, 'C0321', 'SARAH', 'JL. JATIRAWAMANGUN NO.5\r\nJAKARTA TIMUR 13220', '081210450444', '321', 'Active', '2019-02-14 11:22:06', 1, 'N'),
(322, 'C0322', 'VITTYSARI', 'KANTOR INSPEKTORAT PROVINSI JAWA BARAT JL SURAPATI NO 4 BANDUNG', '081321238822', '322', 'Active', '2019-02-14 11:30:14', 1, 'N'),
(323, 'C0323', 'FITRIANTISARI', 'PERUM PESONA KARAWACI BLOK B2 NO.35 RT 1 RW 30 KEL.BOJONG NANGKA KEC. KELAPA DUA KAB. TANGERANG', '081296341899', '323', 'Active', '2019-02-14 11:31:58', 1, 'N'),
(324, 'C0324', 'NANA', 'JL. BALAI DESA NO.15 DS. ATEUK MUNJENG KEC. BAITURRAHMAN\r\nKOTA BANDA ACEH 23244', '085277553433', '324', 'Active', '2019-02-14 11:33:43', 1, 'N'),
(325, 'C0325', 'FHANI FAJAR', 'GRAND GALAXY CITY\r\nCLUSTER CENTRAL PARK BLOK CP 3 NO 30\r\nJAKASETIA. BEKASI SELATAN\r\nBEKASI', '081316386688', '325', 'Active', '2019-02-14 11:35:07', 1, 'N'),
(326, 'C0326', 'PRISTI AGUSTIYENI', 'JL GUNUNG SINGGALANG.NO 16 BLK RS IBNU SINA GUNUNG PANGILUN KEC PADANG UTARA_25137-', '082171001105', '326', 'Active', '2019-02-14 11:39:08', 1, 'N'),
(327, 'C0327', 'SONYA SORAYA', 'BIDAN PONISEM \r\nKP.NAGRAK RT/RW :02/01 DS.SUKAHAJI KEC.SUKAWENING KAB.GARUT', '085222031657', '327', 'Active', '2019-02-14 11:40:35', 1, 'N'),
(328, 'C0328', 'IRNY NOVIANI', 'JLN. MALANGBONG 6 NO. 55\r\n ANTAPANI BANDUNG', '085624724075', '328', 'Active', '2019-02-14 11:45:06', 1, 'N'),
(329, 'C0329', 'SENJA', 'JALAN HAMARA EFENDI LING.GUDANG NO.114 RT/RW:03/03,DESA/KEL:HEGARSARI,DEKAT PEREMPATAN DAN LAMPU LALU LINTAS,TOKO SENANG BUSANA DAERAH PERTOKOAN KEC PATARUMAN KOTA BANJAR\r\nKODE POS : 46321', '085222016565', '329', 'Active', '2019-02-14 11:46:29', 1, 'N'),
(330, 'C0330', 'MEILISA RIDHA KARIMAH', 'PT. ANGSA DAYA (IKAD) JALAN RAYA PASAR KEMIS 5,5 TANGERANG 15560', '087889570368', '330', 'Active', '2019-02-14 11:49:22', 1, 'N'),
(331, 'C0331', 'NELLY RACHMAWATI LUBIS', 'IDI ADIMAJA 1 NO.11 \r\nRT.003 RW.012 KEL. GUMURUH,KECAMATAN BATUNUNGGAL\r\nHP : 081287522400', '081287522400', '331', 'Active', '2019-02-14 11:52:17', 1, 'N'),
(332, 'C0332', 'FITRIA YULISTIANI', 'LAPTOP SQUARE, BANDUNG ELECTRONIC CENTER LANTAI 1 BLOK H 12-16, JALAN PURNAWARMAN NO 13-15. KEC SUMURBANDUNG, BANDUNG 40117', '081220573439', '332', 'Active', '2019-02-14 11:57:05', 1, 'N'),
(333, 'C0333', 'NOLLY', 'JL SUBAYANG LL PAUS FLOWER RESIDENCE E 1 \r\nKEC MARPOYAN DAMAI PEKANBARU', '085278525388', '333', 'Active', '2019-02-14 11:59:04', 1, 'N'),
(334, 'C0334', 'SINTA A LESTARI', 'BANK BUKOPIN  NIFARRO PARK ITS TOWER LT.28\r\nJL. RAYA PASAR MINGGU NO.18 \r\nPEJATEN TIMUR PASAR MINGGU\r\nJAKARTA SELATAN 12510', '081280422411', '334', 'Active', '2019-02-14 12:03:20', 1, 'N'),
(335, 'C0335', 'FASIKHATUN', 'BANJARANYAR RT 01 RW 03 KECAMATAN PEKUNCEN KABUPATEN BANYUMAS JAWA TENGAH', '081237736704', '335', 'Active', '2019-02-14 12:05:05', 1, 'N'),
(336, 'C0336', 'MAULIDA', 'MEDAN MERDEKA SELATAN NO 8-9 GEDUNG BALAIKOTA LANTAI 13\r\nJAKARTA PUSAT', '0856437645', '336', 'Active', '2019-02-14 12:06:23', 1, 'N'),
(337, 'C0337', 'AYU WILIS', 'JL. CIPUNEGARA NO.14 SURABAYA', '085333447184', '337', 'Active', '2019-02-14 12:07:41', 1, 'N'),
(338, 'C0338', 'SELVY PAHLAWANITA', 'KANTOR PDAM KAB. CIAMIS\r\nJL. MR. IWA KUSUMA SOMANTRI KEC. CIAMIS KAB. CIAMIS', '085862716687', '338', 'Active', '2019-02-14 12:08:57', 1, 'N'),
(339, 'C0339', 'FITRI', 'JL PELITA 3 NO 11 MAKASSAR \r\nKEL,BUAKANA , KEC RAPPOCINI\r\nMAKASSAR', '085255872872', '339', 'Active', '2019-02-14 12:10:06', 1, 'N'),
(340, 'C0340', 'EVA', 'PERUM.GRIYA KUSUMA INDAH NO 3.\r\n JL KARANG SUWUNG. CANGGU PERMAI \r\nKEC. KUTA UTARA\r\nBADUNG BALI 80361', '081236199030', '340', 'Active', '2019-02-14 13:37:42', 1, 'N'),
(341, 'C0341', 'INTAN RK', 'JL. PAMEKAR RAYA NO.56 RT 01/01 KOMPLEK PANGHEGAR PERMAI III\r\nKEL.MEKAR MULYA KEC.PANYILEUKAN KOTA BANDUNG\r\nHP : 081214906306', '081214906306', '341', 'Active', '2019-02-14 13:47:43', 1, 'N'),
(342, 'C0342', 'DEWI INDRIAWATI', 'PERUMAHAN CITRAGRAN BLOK O9 NO.19 CLUSTER THE TARN CIBUBUR KECAMATAN JATISAMPURNA KELURAHAN JATIKARYA BEKASI 17345', '08122940422', '342', 'Active', '2019-02-14 13:50:54', 1, 'N'),
(343, 'C0343', 'NURSAMSIAR', 'SEKOLAH TINGGI ILMU FARMASI MAKASSAR JLN. PERINTIS KEMERDEKAAN \r\nKM 13.7 DAYA MAKASSAR', '085315742087', '343', 'Active', '2019-02-14 13:53:18', 1, 'N'),
(344, 'C0344', 'INA ALFIAH', 'INA ALFIAH (085) \r\n\r\nPRUDENTIAL CENTRE. TED DEPT LT.16. JL. CASABLANCA KAV.88 JAKARTA 12870.  &NDASH;', '0818989306', '344', 'Active', '2019-02-14 13:58:16', 1, 'N'),
(345, 'C0345', 'GALUH ARUMSANY', 'BRI KCP TEGAL KOTA JL.AHMAD YANI NO.132 KOTA TEGAL', '08122891829', '345', 'Active', '2019-02-14 14:00:16', 1, 'N'),
(346, 'C0346', 'MIRA NOVIA SILVI', 'JLN.  SAKO RAYA LRG AMAN NO 551 SAKO KENTEN,  PALEMBANG. 30163', '081286031798', '346', 'Active', '2019-02-14 14:02:01', 1, 'N'),
(347, 'C0347', 'YUNING', 'PERUMAHAN GRIYA MENTARI NO 2 KELURAHAN PRAYA- KECAMATAN PRAYA. KABUPATEN LOMBOK TENGAH - NTB.', '081805716332', '347', 'Active', '2019-02-14 14:03:28', 1, 'N'),
(348, 'C0348', 'DESY ITAWATI', 'WARUNG PONDOK MAKAN/WARUNG CEMARA BELAKANG TOSERBA GALAXY KLAPAN-JALAN MAWAR (ARAH KE PATOK BARU/JALAN KE DESA GRATI), KECAMATAN LUMAJANG, KABUPATEN LUMAJANG, PROVINSI JAWA TIMUR,', '081217375550', '348', 'Active', '2019-02-14 14:07:15', 1, 'N'),
(349, 'C0349', 'PUSPITA', 'TERUSAN BUAH BATU, SUKAPURA, PALEM 2 RESIDENCE BLOK A2 NO 3\r\nBANDUNG', '082290195136', '349', 'Active', '2019-02-14 14:09:12', 1, 'N'),
(350, 'C0350', 'EGA NT', 'EGA N.T (092) \r\nGEDUNG MENARA MERDEKA LT.9, JL.BUDI KEMULIAAN 1 NO.2 KOTA JAKARTA PUSAT-GAMBIR, JAKARTA 10110', '08568016833', '350', 'Active', '2019-02-14 14:10:40', 1, 'N'),
(351, 'C0351', 'DEASYREE', 'JL RAYA BEKASI KM 21 PEGANGSAAN DUA KELAPA GADING JAKARTA UTARA (BANK MANDIRI AREA JAKARTA PULOGADUNG)', '081280334373', '351', 'Active', '2019-02-14 14:17:00', 1, 'N'),
(352, 'C0352', 'RIZNA NOOR', 'JL. TAMAN WIJAYA KUSUMA III NO. 21C (DEKAT JL. H. MANDOR), CILANDAK BARAT, JAKARTA SELATAN', '087882880768', '352', 'Active', '2019-02-14 14:18:09', 1, 'N'),
(353, 'C0353', 'RAJA ERINDA', 'JL ANGGRAENI RAYA NO 11. SEMARANG UTARA, RT 04/RW 01 50178', '085715970122', '353', 'Active', '2019-02-14 14:32:52', 1, 'N'),
(354, 'C0354', 'FARIYANTI ISNIA', 'JL. ARYAMUKTI SELATAN 1 NO 672 SEMARANG', '081225918441', '354', 'Active', '2019-02-14 14:42:24', 1, 'N'),
(355, 'C0355', 'DEWI', 'PERKANTORAN LEMIGAS GEDUNG P3TEK JALAN CILEDUG RAYA KAV 109 CIPULIR KEBAYORAN LAMA JAKARTA SELATAN 12230', '085811385070', '355', 'Active', '2019-02-14 14:43:37', 1, 'N'),
(356, 'C0356', 'YANUAR INDAH', 'PT. KSB INDONESIA JL. TIMOR BLOK D2-1 CIKARANG BARAT - BEKASI 17530', '081210318551', '356', 'Active', '2019-02-14 14:44:56', 1, 'N'),
(357, 'C0357', 'ASTI AULIA RAHMAN', 'GRAND ROYAL 2 RESIDENCE BLOK F NO 16 KEL.KARANGMALANG \r\nKAB.INDRAMAYU JABAR', '085624222157', '357', 'Active', '2019-02-14 14:46:12', 1, 'N'),
(358, 'C0358', 'FHANI FAJAR', 'GRAND GALAXY CITY\r\nCLUSTER CENTRAL PARK BLOK CP 3 NO 30\r\nJAKASETIA. BEKASI SELATAN\r\nBEKASI', '081316386688', '358', 'Active', '2019-02-15 19:20:57', 1, 'N'),
(359, 'C0359', 'EKA HARINI', 'BELLA RESIDENCE BLOK G3 NO.6 \r\nJL.TOLE ISKANDAR DEPOK 16412', '081385317017', '359', 'Active', '2019-02-15 19:22:01', 1, 'N'),
(360, 'C0360', 'UFI FAUDI', 'KOMP MEGA ASRI III NO D 18 \r\nBANDUNG 40175', '0811236438', '360', 'Active', '2019-02-15 19:25:03', 1, 'N'),
(361, 'C0361', 'TAMI LUTHFIANI FAZRIAH', 'TAMI LUTHFIANI FAZRIAH \r\nJL.TULIP MEKAR 1 NO.15 RT.008/RW.002 KOMPLEK PANGHEGAR PERMAI , KEL. MEKAR MULYA, KEC. PANYILEUKAN \r\nKOTA BANNDUNG', '0812376862865', '361', 'Active', '2019-02-15 19:27:39', 1, 'N'),
(362, 'C0362', 'RENDI', 'BANK BJB KCP KEBON KELAPA  \r\nJL.PUNGKUR NO.141 BANDUNG', '08112121033', '362', 'Active', '2019-02-15 19:28:34', 1, 'N'),
(363, 'C0363', 'NOVI HAKIM', 'ALAMAT : JLN. TUNGGUL AMETUNG BLOK E NO. 49  KEBALENAN BANYUWANGI JATIM', '081234539889', '363', 'Active', '2019-02-15 19:30:05', 1, 'N'),
(364, 'C0364', 'YUNIARTI', '(BAG. KEUANGAN)\r\nD/A POLITEKNIK NEGERI BANDUNG\r\nJL. GEGERKALONG HILIR KEC. SUKASARI\r\nKOTA BANDUNG 40153', '08156109921', '364', 'Active', '2019-02-21 17:55:22', 1, 'N'),
(365, 'C0365', 'NOVA', 'JL. TEGAL AMBA NO.20 RT.003 RW.013 DUREN SAWIT JAKARTA TIMUR 13440', '081291210816', '365', 'Active', '2019-02-21 17:56:29', 1, 'N'),
(366, 'C0366', 'UFI FUADI', 'KOMP MEGA ASRI III NO D 18 BANDUNG 40175', '0811236438', '366', 'Active', '2019-02-21 17:57:56', 1, 'N'),
(367, 'C0367', 'AGNI VIDYA', 'SENTRA TIMUR RESIDENCE    \r\nJL. SENTRA PRIMER TIMUR \r\nTOWER ABU ABU, LANTAI 28, UNIT A2805C\r\nCAKUNG- JAKARTA TIMUR 13950', '085720075659', '367', 'Active', '2019-02-21 17:59:17', 1, 'N'),
(368, 'C0368', 'PUTRI FRISTADEVI', 'JL.TEJOSARI RT1 RW 5( PERUM PURI GEDAWANG INDAH BLOK B GANJIL/ GANG PERTAMA DEPAN POS SATPAM SEBELUM PORTAL BELOK KIRI RUMAH PAGAR ORANGE) \r\nKEL. GEDAWANG,KEC. BANYUMANIK,\r\nKOTA SEMARANG JATENG/50266', '085640815758', '368', 'Active', '2019-02-21 18:00:59', 1, 'N'),
(369, 'C0369', 'SUCY TRI RAMADHANI', 'BPSDM KEMENDAGRI GEDUNG A\r\nJL TAMAN MAKAM PAHLAWAN NO 8 \r\nJAKSEL KALIBATA', '087837655573', '369', 'Active', '2019-02-21 18:02:25', 1, 'N'),
(370, 'C0370', 'RENNY', '(DEVISI SQ) \r\n BANK SINARMAS GEDUNG ROXY SQUARE LT 2,\r\n JL. KIAI TAPA NO 1 JAKARTA BARAT', '087738914646', '370', 'Active', '2019-02-21 18:03:28', 1, 'N'),
(371, 'C0371', 'RENNY', '(DEVISI SQ) \r\n BANK SINARMAS GEDUNG ROXY SQUARE LT 2,\r\n JL. KIAI TAPA NO 1 JAKARTA BARAT', '087738914646', '371', 'Active', '2019-02-21 18:03:28', 1, 'N'),
(372, 'C0372', 'SALINAH', 'JLN. TEMBOK NO.51 A KAYU PUTIH\r\nPULO GADUNG - JAKARTA TIMUR', '081355001101', '372', 'Active', '2019-02-21 18:04:37', 1, 'N'),
(373, 'C0373', 'DIAN  A', 'JL.PRAJA DALAM E. KP.DUKU RT08/05 NO.19. KEBAYORAN LAMA SELATAN.\r\nJAKARTA SELATAN 12240', '082125559204', '373', 'Active', '2019-02-21 18:06:15', 1, 'N'),
(374, 'C0374', 'SUCI', 'PERUMAHAN BEKASI TIMUR REGENCY BTR 3 CLUSTER FLOURITE F3 NO 8 CIMUNING MUSTIKA JAYA BEKASI', '087785187337', '374', 'Active', '2019-02-21 18:10:09', 1, 'N'),
(375, 'C0375', 'ORYZA SATIVA KURNIA', 'JL.MURBEI NO.54 RT.002/RW.008 BEJI\r\n DEPOK UTARA 15421', '081289402099', '375', 'Active', '2019-02-21 18:11:38', 1, 'N'),
(376, 'C0376', 'NANATHNADIA', 'JL. RAJAMANTRI KALER 1 NO 39 BANDUNG 40264', '082295067655', '376', 'Active', '2019-02-21 18:16:14', 1, 'N'),
(377, 'C0377', 'IREN ALDRIANA', 'JL PERMATA TAMAN SARI RAYA NO 22 KAV DPR , CISARANTEN - ARCAMANIK, \r\n(BANDUNG - 40293) BISA PAKE WAZE ATAU GOOGLE MAPS DENGAN KETIK : IRENALDRIANA MAKEUP STUDIO', '089517845004', '377', 'Active', '2019-02-21 18:18:12', 1, 'N'),
(378, 'C0378', 'SANTI NOVIALIRA', 'SANTI NOVIALIRA\r\nGRIYA ANTAREJA RESIDENCE NO B/5,JL JATI MAKMUR, PONDOK GEDE, BEKASI (SAMPING POM BENSIN) KODE POS 17413 ,', '081295748616', '378', 'Active', '2019-02-21 18:19:23', 1, 'N'),
(379, 'C0379', 'MARDIKA', 'JL. GUNUNG LATIMOJONG KOMP. PELITA MARGA MAS NO. C4 , KEL. GADDONG, KEC. BONTOALA , KOTA MAKASSAR PROV. SULAWESI SELATAN', '085299885500', '379', 'Active', '2019-02-21 18:20:22', 1, 'N'),
(380, 'C0380', 'MUNING', 'KARYA INDAH VILLAGE 2 BLOK L NO 3 PD AREN TANGERANG SELATAN', '081299796155', '380', 'Active', '2019-02-21 18:21:28', 1, 'N'),
(381, 'C0381', 'WIDYA SARI AMALIA', 'GRHA UNILEVER \r\n(3RD FLOOR. ZONE D)\r\nBSD GREEN OFFICE PARK KAV. 3\r\nJL. BSD BOULEVARD BARAT - BSD CITY - TANGERANG', '08118715537', '381', 'Active', '2019-02-21 18:22:51', 1, 'N'),
(382, 'C0382', 'TRI KURNIASIH', 'JL. BUNGA RAMPAI 5 GANG 2 NO.28 RT 015/09 PERUMNAS KLENDER JAKARTA TIMUR 13460', '081382816066', '382', 'Active', '2019-02-22 18:06:27', 1, 'N'),
(383, 'C0383', 'NINA VISTTAVYNA', 'JL RA BASUNI NO 65 SOOKO MOJOKERTO', '081331807147', '383', 'Active', '2019-02-23 18:54:52', 1, 'N'),
(384, 'C0384', 'DINA', 'JL. SOKA LESTARI 3, BLOK F1 NO.11\r\nLEBAK LESTARI INDAH\r\nLEBAK BULUS\r\nJAKARTA 12440', '0816918298', '384', 'Active', '2019-02-23 18:58:27', 1, 'N'),
(385, 'C0385', 'NIDA', 'ALAMAT: PERUM BOGOR RAYA PERMAI BLOK FK 4 NO 4, KEL CURUG, KEC BOGOR BARAT, \r\nKOTA BOGOR 16113', '085692462417', '385', 'Active', '2019-02-23 19:03:25', 1, 'N'),
(386, 'C0386', 'ANGGIA NAYANTI', 'KOTA BARU PARAHYANGAN, TATAR WANGSAKERTA, JL WANGSANINGRAT NO 44, PADALARANG, BANDUNG BARAT 40553', '0817208227', '386', 'Active', '2019-02-23 19:04:28', 1, 'N'),
(387, 'C0387', 'BIAN DHONA FRANSISCA', 'PERUM ASABRI NO.226 RT/RW KECAMATAN KANIGARAN\r\n PROBOLINGGO, JAWA TIMUR', '085233044440', '387', 'Active', '2019-02-26 13:48:12', 1, 'N'),
(388, 'C0388', 'NALINI ASFAROYANI', 'ALAMAT: DPIP - OJK\r\nMENARA RADIUS PRAWIRO LANTAI 11\r\nKOMPLEKS PERKANTORAN BANK INDONESIA \r\nJL MH THAMRIN NO 2\r\nJAKARTA PUSAT 10350', '081285123282', '388', 'Active', '2019-02-26 13:50:04', 1, 'N'),
(389, 'C0389', 'PIPIET LAILA', 'JL.SEMERU NO.17 BABADAN RT.03 RW.07 \r\nWLINGI-BLITAR 66184', '082282588896', '389', 'Active', '2019-02-26 13:51:15', 1, 'N'),
(390, 'C0390', 'GHEA PRICILIA AYUNDA', 'TAMAN BONA INDAH BLOK A9 NO 28, LEBAK BULUS \r\nJAKARTA SELATAN', '081310753753', '390', 'Active', '2019-02-26 13:52:20', 1, 'N'),
(391, 'C0391', 'ARYA NURANI', 'PERUMAHAN GRAND WISATA CLUSTER CELEBRATION TOWN BLOK BB7 NO 16 TAMBUN BEKASI TIMUR 17510', '081294630360', '391', 'Active', '2019-02-26 13:53:31', 1, 'N'),
(392, 'C0392', 'DONA', 'JL. WIJAYA KUSUMA UJUNG RT013/ RW 01 NO. 2 KEL : PONDOK BETUNG - PDK AREN\r\n TANGSEL 15221', '08158971810', '392', 'Active', '2019-02-26 13:54:53', 1, 'N'),
(393, 'C0393', 'ERNA FITRIA', 'BESARAN 044 RT 03 RW 07\r\nPARAKAN KAUMAN\r\nPARAKAN 56254\r\nTEMANGGUNG JATENG', '081241313879', '393', 'Active', '2019-02-26 13:57:53', 1, 'N'),
(394, 'C0394', 'TRESNA KHOLILAH', 'GEDUNG TELKOMSEL SMART OFFICE LANTAI 20 AREA TELKOM LANDMARK TOWER JALAN JEND. GATOT SUBROTO KAV 52 JAKSEL 12710\r\nKEC. MAMPANG PRAPATAN\r\nKOTA JAKARTA SELATAN', '08119124411', '394', 'Active', '2019-02-26 14:07:59', 1, 'N'),
(395, 'C0395', 'EUIS YP HARUN', 'JL. BINAMARGA 9 NO. 77 RT 03 RW 10 KOMPLEK BINAMARGA - DESA GUNUNG PUTRI - KECAMATAN GUNUNG PUTRI - KABUPATEN BOGOR - JAWA BARAT - KODE POS 16961', '08128462939', '395', 'Active', '2019-02-26 14:09:04', 1, 'N'),
(396, 'C0396', 'RATNA KUSUMA DEWI', 'TIM EXPRESS\r\nJL. MAMPANG PRAPATAN XI NO. 25C  RT005/07  TEGAL PARANG, \r\nJAKARTA SELATAN 12790.\r\nTLP. 021-79184517', '083807193', '396', 'Active', '2019-02-26 14:10:17', 1, 'N'),
(397, 'C0397', 'VINDANIAR', 'PROGRAM VOKASI UNIVERSITAS INDONESIA, KAMPUS UNIVERSITAS INDONESIA DEPOK, GEDUNG A LT 5/503, DEPOK 16424', '081289686563', '397', 'Active', '2019-02-26 14:13:21', 1, 'N'),
(398, 'C0398', 'DINI RIA ISLAENI', 'URBAN LIVING KAMAR 27 \r\nJL.KEMANG NO.39', '00000000000', '398', 'Active', '2019-02-26 14:14:25', 1, 'N'),
(399, 'C0399', 'FITRIA NISAUL HAKIM', 'MID PLAZA 1 , LT 9 PT.HAWA INDONESIA \r\nTANAH ABANG , KOTA JAKARTA PUSAT 10220', '08561950621', '399', 'Active', '2019-02-26 14:16:27', 1, 'N'),
(400, 'C0400', 'ELDA', 'JL. CISITU INDAH V NO. 10\r\nCOBLONG , BANDUNG\r\n40135', '081287336051', '400', 'Active', '2019-02-26 14:18:01', 1, 'N'),
(401, 'C0401', 'SANTI', 'ALAMAT : KOMPLEK SINGGASANA PRADANA JL.MANIKMAYA NO.2A BANDUNG', '081222227227', '401', 'Active', '2019-02-26 17:34:02', 1, 'N'),
(402, 'C0402', 'SISKA', 'KP PARUNG JAMBU, KATULAMPA PERUM KEMANG REGENCY BLOK K5 17 BOGOR TIMUR JABAR 1614', '082295471743', '402', 'Active', '2019-02-26 17:35:00', 1, 'N'),
(403, 'C0403', 'LENNY', 'PUSKESMAS SUKASENANG\r\nJL. KH HASAN ARIF NO 840 DESA SUKASENANG KECAMATAN BANYURESMI KAB GARUT', '08997504108', '403', 'Active', '2019-02-27 16:58:13', 1, 'N'),
(404, 'C0404', 'WIDIA', 'PERUMAHAN BUMI PATRA JL.TANJUNG UBAN NO 110 KEL.SINGAJAYA KEC.INDRAMAYU JAWA BARAT', '081320167720', '404', 'Active', '2019-02-27 16:59:16', 1, 'N'),
(405, 'C0405', 'HILDA ZIKRILLAH', 'BRINETCOM,PT.SATKOMINDO MEDIYASA\r\nJL.RS.FATMAWATI NO.1 CILANDAK BARAT \r\nJAKARTA SELATAN', '081320167720', '405', 'Active', '2019-02-27 17:00:42', 1, 'N'),
(406, 'C0406', 'IRMA N', 'RESOURCES, GDG \r\nINTERNASIONAL FINAN- CIAL CENTER LT.21\r\nJL.JEND.SUDIRMAN KAV 22-23\r\nJAKARTA SELATAN  \r\nHP : IRMA N \r\nRESOURCES, GDG \r\nINTERNASIONAL FINAN- CIAL CENTER LT.21\r\nJL.JEND.SUDIRMAN KAV 22-23\r\nJAKARTA SELATAN', '081807907581', '406', 'Active', '2019-02-27 17:02:55', 1, 'N'),
(407, 'C0407', 'IRA', 'KANTOR SEKRETARIAT DPRD KAB. GRESIK JL. KH. WACHID HASYIM NO. 5 GRESIK NO. HP', '085711685771', '407', 'Active', '2019-02-27 18:09:17', 1, 'N'),
(408, 'C0408', 'DR ANTI', 'CICENDO', '0812222', '408', 'Active', '2019-02-28 14:13:41', 1, 'N'),
(409, 'C0409', 'DR ARIF', 'CICENDO', '09826637', '409', 'Active', '2019-02-28 14:15:27', 1, 'N'),
(410, 'C0410', 'SUSI', 'MANDIRI', '082345680870', '410', 'Active', '2019-02-28 14:19:30', 1, 'N'),
(411, 'C0411', 'DR PATRIOTIKA', 'RS CICENDO', '081253796440', '411', 'Active', '2019-02-28 14:39:30', 1, 'N'),
(412, 'C0412', 'REGISTA NOVIADJI', 'JL NAKULA 7A NO 102, JAKASETIA, TAMAN GALAXY, BEKASI SELATAN \r\n(KANTOR BENTUK RUMAH)', '08118836883', '412', 'Active', '2019-02-28 19:19:22', 1, 'N'),
(413, 'C0413', 'RATU RUSYDINA', 'KANTOR GOJEK INDONESIA. PASARAYA BLOK M GEDUNG B LANTAI 4. JL. ISKANDARSYAH II NO. 2. KEBAYORAN BARU. JAKARTA SELATAN. 12160', '081223919296', '413', 'Active', '2019-02-28 19:20:32', 1, 'N'),
(414, 'C0414', 'DINI RIANI FITRI', 'JL AKALIPA 4 E7/6 KEMANG PRATAMA 3 BEKASI', '081291643767', '414', 'Active', '2019-02-28 19:21:19', 1, 'N'),
(415, 'C0415', 'DESI PAJARDINI', 'BANK MANDIRI CABANG SUKABUMI SUDIRMAN NO.124 KEC. WARUDOYONG \r\nKOTA SUKABUMI', '081219106598', '415', 'Active', '2019-02-28 19:22:13', 1, 'N'),
(416, 'C0416', 'MIA', '(DISTRIBUTOR SAKANA)\r\nPERUMAHAN BUMI ASRI MEKAR RAHAYU BLOK 1 D NO 28 RW 13 RT 03 KEL.MEKAR RAHAYU KEC. MARGA ASIH   KAB.BANDUNG', '081214811618', '416', 'Active', '2019-02-28 19:23:18', 1, 'N'),
(417, 'C0417', 'PALUPI ADI WIDIASTUTI', 'GEDUNG PERUM BULOG LANTAI 11, JALAN GATOT SUBROTO KAV 49, JAKARTA SELATAN 12950', '087888503569', '417', 'Active', '2019-03-01 14:47:27', 1, 'N'),
(418, 'C0418', 'NURUL A N', 'JL. TANJUNG DUREN UTARA IV NO. 452 RT/RW 04/03\r\nKEC. GROGOL PETAMBURAN,KEL. TANJUNG DUREN UTARA\r\n11470 JAKARTA BARAT', '085256793245', '418', 'Active', '2019-03-05 12:40:33', 1, 'N'),
(419, 'C0419', 'WAY OKTAVIA', 'PESANGGRAHAN PERMAI 2 BLON F NO.9 \r\nJAKARTASELATAN', '085727283762', '419', 'Active', '2019-03-05 12:42:14', 1, 'N'),
(420, 'C0420', 'SHAFA ZHARIFAH', 'SALON FAJAR JL. BENDUNGAN SUTAMI NO. 17D SUMBERSARI KEC. LOWOKWARU KOTA MALANG', '081287502916', '420', 'Active', '2019-03-05 14:17:27', 1, 'N'),
(421, 'C0421', 'HUSNA', 'ALAMAT :JL.TOLE ISKANDAR \r\nGRIYA DEPOK ASRI BLOK G3 NO.14. \r\nDEPOK  JAWA BARAT', '081383633567', '421', 'Active', '2019-03-05 14:18:47', 1, 'N'),
(422, 'C0422', 'TEZZA', 'TEZZA \r\n\r\nJL.BANGKA  IXD NO.11 KEMANG \r\nJAKARTA 12720', '08164808270', '422', 'Active', '2019-03-05 14:21:43', 1, 'N'),
(423, 'C0423', 'RESKA GARNITASARI', 'BANK UOB KCP RASUNA SAID WISMA TUGU II \r\nJL.HR.RASUNA SAID  KAV C7 NO.9 \r\nJAKARTA SELATAN 12940', '087824043094', '423', 'Active', '2019-03-05 14:23:05', 1, 'N'),
(424, 'C0424', 'SAERAPUTI NUR RAHMI', 'JL. LAZURIT BLOK P-6 NO. 3 KOMPLEK PERMATA CIMAHI, KAB. BANDUNG BARAT 40552', '081321392689', '424', 'Active', '2019-03-05 14:25:14', 1, 'N'),
(425, 'C0425', 'MANDIRI PASKAL', 'PASIR KALIKI BANDUNG', '08122113834', '425', 'Active', '2019-03-08 18:15:10', 1, 'N'),
(430, '', 'PELANGGAN UMUM', '-', '-', '', 'Active', '2020-03-23 19:13:13', 1, 'Y');

-- --------------------------------------------------------

--
-- Table structure for table `ms_kategori`
--

CREATE TABLE IF NOT EXISTS `ms_kategori` (
`id_kategori` int(4) NOT NULL,
  `kode_kategori` char(4) NOT NULL,
  `nama_kategori` varchar(100) NOT NULL,
  `keterangan_kategori` text NOT NULL,
  `status_kategori` enum('Active','Non Active') NOT NULL
) ENGINE=MyISAM AUTO_INCREMENT=5 DEFAULT CHARSET=latin1 ROW_FORMAT=DYNAMIC;

--
-- Dumping data for table `ms_kategori`
--

INSERT INTO `ms_kategori` (`id_kategori`, `kode_kategori`, `nama_kategori`, `keterangan_kategori`, `status_kategori`) VALUES
(1, 'K001', 'KERUDUNG', '-', 'Active'),
(2, 'K002', 'CLOTH', '-', 'Active'),
(3, 'K003', 'KAOS POLOS', '-', 'Active'),
(4, 'K004', 'BAJU', '-', 'Active');

-- --------------------------------------------------------

--
-- Table structure for table `ms_merk`
--

CREATE TABLE IF NOT EXISTS `ms_merk` (
`id_merk` int(4) NOT NULL,
  `nama_merk` varchar(50) NOT NULL,
  `keterangan_merk` text NOT NULL,
  `status_merk` enum('Active','Non Active') NOT NULL,
  `dibuat_merk` datetime NOT NULL,
  `dibuat_oleh_merk` int(5) NOT NULL
) ENGINE=MyISAM AUTO_INCREMENT=5 DEFAULT CHARSET=latin1 ROW_FORMAT=DYNAMIC;

--
-- Dumping data for table `ms_merk`
--

INSERT INTO `ms_merk` (`id_merk`, `nama_merk`, `keterangan_merk`, `status_merk`, `dibuat_merk`, `dibuat_oleh_merk`) VALUES
(1, 'SENJA', '-', 'Active', '2020-03-02 15:05:59', 1),
(2, 'BASIC STORE', '-', 'Non Active', '2020-03-02 15:05:59', 1),
(3, 'CLOTHES', '-', 'Active', '2020-03-02 15:05:59', 1);

-- --------------------------------------------------------

--
-- Table structure for table `ms_toko`
--

CREATE TABLE IF NOT EXISTS `ms_toko` (
  `nama_toko` varchar(100) NOT NULL,
  `moto_toko` varchar(100) NOT NULL,
  `alamat_toko` text NOT NULL,
  `telp_toko` varchar(50) NOT NULL,
  `email_toko` varchar(50) NOT NULL,
  `keterangan_toko` text NOT NULL
) ENGINE=MyISAM DEFAULT CHARSET=latin1 ROW_FORMAT=DYNAMIC;

--
-- Dumping data for table `ms_toko`
--

INSERT INTO `ms_toko` (`nama_toko`, `moto_toko`, `alamat_toko`, `telp_toko`, `email_toko`, `keterangan_toko`) VALUES
('SENJA SCARF', 'Sistem Aplikasi POS', 'JL. Kolonel Bustomi Burhanudin No. 05 Cijeruk, Kab. Bogor', '081220209020', 'alawicontact@gmail.com', 'Saran & Keluhan Hub. CS : Wanda 021-9829, belanja cerdas belanja hemat');

-- --------------------------------------------------------

--
-- Table structure for table `ms_user`
--

CREATE TABLE IF NOT EXISTS `ms_user` (
`id_user` int(4) NOT NULL,
  `kode_user` char(5) NOT NULL,
  `nama_user` varchar(50) NOT NULL,
  `telp_user` varchar(50) NOT NULL,
  `alamat_user` text NOT NULL,
  `email_user` varchar(50) NOT NULL,
  `kelamin_user` enum('Pria','Wanita') NOT NULL,
  `username_user` varchar(50) NOT NULL,
  `password_user` varchar(150) NOT NULL,
  `status_user` enum('Active','Non Active') NOT NULL,
  `user_group` int(3) NOT NULL,
  `default_user` enum('Y','N') NOT NULL DEFAULT 'N'
) ENGINE=MyISAM AUTO_INCREMENT=4 DEFAULT CHARSET=latin1 ROW_FORMAT=DYNAMIC;

--
-- Dumping data for table `ms_user`
--

INSERT INTO `ms_user` (`id_user`, `kode_user`, `nama_user`, `telp_user`, `alamat_user`, `email_user`, `kelamin_user`, `username_user`, `password_user`, `status_user`, `user_group`, `default_user`) VALUES
(1, 'U0001', 'Administrator', '081220209020', 'Bogor', 'info@grabit.web.id', 'Pria', 'admin', '21232f297a57a5a743894a0e4a801fc3', 'Active', 1, 'N'),
(2, 'U0002', 'Fitria Apriani', '081220209020', 'JL. Dewi Sartika Bekasi', 'fitriaaprianicontact@gmail.com', 'Wanita', 'kasir', 'c7911af3adbd12a035b289556d96470a', 'Active', 2, 'Y'),
(3, 'U0003', 'Owner', '081220209020', 'Bogor', 'owner@owner.com', 'Pria', 'owner', '72122ce96bfec66e2396d2e25225d70a', 'Active', 3, 'N');

-- --------------------------------------------------------

--
-- Table structure for table `sys_akses`
--

CREATE TABLE IF NOT EXISTS `sys_akses` (
`akses_id` int(4) NOT NULL,
  `akses_group` int(3) NOT NULL,
  `akses_submenu` int(3) NOT NULL,
  `akses_dibuat` datetime NOT NULL,
  `akses_diubah` datetime NOT NULL
) ENGINE=MyISAM AUTO_INCREMENT=113 DEFAULT CHARSET=latin1 ROW_FORMAT=FIXED;

--
-- Dumping data for table `sys_akses`
--

INSERT INTO `sys_akses` (`akses_id`, `akses_group`, `akses_submenu`, `akses_dibuat`, `akses_diubah`) VALUES
(5, 0, 0, '2017-11-27 00:00:00', '0000-00-00 00:00:00'),
(6, 0, 0, '2017-11-27 00:00:00', '0000-00-00 00:00:00'),
(7, 0, 0, '2017-11-27 00:00:00', '0000-00-00 00:00:00'),
(8, 0, 0, '2017-11-27 00:00:00', '0000-00-00 00:00:00'),
(9, 0, 0, '2017-11-27 00:00:00', '0000-00-00 00:00:00'),
(10, 0, 0, '2017-11-27 00:00:00', '0000-00-00 00:00:00'),
(46, 2, 9, '2017-12-29 00:00:00', '0000-00-00 00:00:00'),
(47, 2, 11, '2017-12-29 00:00:00', '0000-00-00 00:00:00'),
(48, 2, 10, '2017-12-29 00:00:00', '0000-00-00 00:00:00'),
(49, 2, 12, '2017-12-29 00:00:00', '0000-00-00 00:00:00'),
(95, 3, 25, '2020-03-11 00:00:00', '0000-00-00 00:00:00'),
(94, 3, 23, '2020-03-11 00:00:00', '0000-00-00 00:00:00'),
(93, 3, 17, '2020-03-11 00:00:00', '0000-00-00 00:00:00'),
(92, 3, 15, '2020-03-11 00:00:00', '0000-00-00 00:00:00'),
(91, 3, 14, '2020-03-11 00:00:00', '0000-00-00 00:00:00'),
(112, 1, 25, '2020-03-12 00:00:00', '0000-00-00 00:00:00'),
(111, 1, 23, '2020-03-12 00:00:00', '0000-00-00 00:00:00'),
(110, 1, 17, '2020-03-12 00:00:00', '0000-00-00 00:00:00'),
(109, 1, 15, '2020-03-12 00:00:00', '0000-00-00 00:00:00'),
(108, 1, 14, '2020-03-12 00:00:00', '0000-00-00 00:00:00'),
(107, 1, 26, '2020-03-12 00:00:00', '0000-00-00 00:00:00'),
(106, 1, 27, '2020-03-12 00:00:00', '0000-00-00 00:00:00'),
(105, 1, 12, '2020-03-12 00:00:00', '0000-00-00 00:00:00'),
(104, 1, 11, '2020-03-12 00:00:00', '0000-00-00 00:00:00'),
(103, 1, 8, '2020-03-12 00:00:00', '0000-00-00 00:00:00'),
(102, 1, 7, '2020-03-12 00:00:00', '0000-00-00 00:00:00'),
(101, 1, 6, '2020-03-12 00:00:00', '0000-00-00 00:00:00'),
(100, 1, 5, '2020-03-12 00:00:00', '0000-00-00 00:00:00'),
(99, 1, 13, '2020-03-12 00:00:00', '0000-00-00 00:00:00'),
(98, 1, 4, '2020-03-12 00:00:00', '0000-00-00 00:00:00'),
(97, 1, 3, '2020-03-12 00:00:00', '0000-00-00 00:00:00'),
(96, 1, 2, '2020-03-12 00:00:00', '0000-00-00 00:00:00');

-- --------------------------------------------------------

--
-- Table structure for table `sys_group`
--

CREATE TABLE IF NOT EXISTS `sys_group` (
`group_id` int(3) NOT NULL,
  `group_nama` varchar(35) NOT NULL,
  `group_keterangan` text NOT NULL,
  `group_status` enum('Active','Non Active') NOT NULL
) ENGINE=MyISAM AUTO_INCREMENT=4 DEFAULT CHARSET=latin1 ROW_FORMAT=DYNAMIC;

--
-- Dumping data for table `sys_group`
--

INSERT INTO `sys_group` (`group_id`, `group_nama`, `group_keterangan`, `group_status`) VALUES
(1, 'Administrator', '-', 'Active'),
(2, 'Kasir', '', 'Active'),
(3, 'Owner', '', 'Active');

-- --------------------------------------------------------

--
-- Table structure for table `sys_menu`
--

CREATE TABLE IF NOT EXISTS `sys_menu` (
`menu_id` int(3) NOT NULL,
  `menu_nama` varchar(40) NOT NULL,
  `menu_icon` varchar(50) NOT NULL,
  `menu_urutan` int(2) NOT NULL,
  `menu_dibuat` datetime NOT NULL,
  `menu_diubah` datetime NOT NULL
) ENGINE=MyISAM AUTO_INCREMENT=5 DEFAULT CHARSET=latin1 ROW_FORMAT=DYNAMIC;

--
-- Dumping data for table `sys_menu`
--

INSERT INTO `sys_menu` (`menu_id`, `menu_nama`, `menu_icon`, `menu_urutan`, `menu_dibuat`, `menu_diubah`) VALUES
(1, 'Pengaturan', 'icon-settings', 1, '2017-11-26 00:00:00', '2017-11-26 00:00:00'),
(2, 'Master Data', 'icon-wallet', 2, '2017-11-26 00:00:00', '2017-11-26 00:00:00'),
(3, 'Penjualan', 'icon-basket', 3, '2017-11-26 00:00:00', '2017-11-26 00:00:00'),
(4, 'Laporan', 'icon-pie-chart', 4, '2017-12-29 00:00:00', '2017-12-29 00:00:00');

-- --------------------------------------------------------

--
-- Table structure for table `sys_submenu`
--

CREATE TABLE IF NOT EXISTS `sys_submenu` (
`submenu_id` int(3) NOT NULL,
  `submenu_nama` varchar(50) NOT NULL,
  `submenu_menu` int(3) NOT NULL,
  `submenu_link` varchar(100) NOT NULL,
  `submenu_urutan` int(3) NOT NULL,
  `submenu_dibuat` datetime NOT NULL,
  `submenu_diubah` datetime NOT NULL
) ENGINE=MyISAM AUTO_INCREMENT=28 DEFAULT CHARSET=latin1 ROW_FORMAT=DYNAMIC;

--
-- Dumping data for table `sys_submenu`
--

INSERT INTO `sys_submenu` (`submenu_id`, `submenu_nama`, `submenu_menu`, `submenu_link`, `submenu_urutan`, `submenu_dibuat`, `submenu_diubah`) VALUES
(2, 'Data Pengguna', 1, '?page=datauser', 3, '2017-11-26 00:00:00', '2020-03-12 00:00:00'),
(3, 'Data Menu & Modul', 1, '?page=datamodul', 4, '2017-11-26 00:00:00', '2020-03-12 00:00:00'),
(4, 'Data Group Akses', 1, '?page=datagroup', 2, '2017-11-26 00:00:00', '2017-12-24 00:00:00'),
(5, 'Data Merk', 2, '?page=datamerk', 1, '2017-11-26 00:00:00', '2020-03-02 00:00:00'),
(6, 'Data Customer', 2, '?page=datacustomer', 2, '2017-11-26 00:00:00', '2017-12-24 00:00:00'),
(7, 'Data Barang', 2, '?page=databarang', 4, '2017-11-26 00:00:00', '2017-12-24 00:00:00'),
(8, 'Kategori Barang', 2, '?page=datakategori', 3, '2017-12-24 00:00:00', '0000-00-00 00:00:00'),
(11, 'Riwayat Penjualan', 3, '?page=datapenjualan', 2, '2017-12-24 00:00:00', '2020-03-03 00:00:00'),
(12, 'Riwayat Retur', 3, '?page=datareturjual', 4, '2017-12-24 00:00:00', '2020-03-03 00:00:00'),
(13, 'Pengaturan Toko', 1, '?page=confstore', 1, '2017-12-24 00:00:00', '0000-00-00 00:00:00'),
(14, 'Barang & Produk', 4, '?page=laporanbarang', 1, '2017-12-29 00:00:00', '2018-04-17 00:00:00'),
(15, 'Customer', 4, '?page=laporancustomer', 2, '2017-12-29 00:00:00', '2020-03-11 00:00:00'),
(17, 'Stock Barang', 4, '?page=laporanstok', 3, '2017-12-29 00:00:00', '2018-12-01 00:00:00'),
(27, 'Transaksi Retur', 3, '?page=tambahreturjual', 3, '2020-03-03 00:00:00', '0000-00-00 00:00:00'),
(26, 'Transaksi Jual', 3, '?page=tambahpenjualan', 1, '2020-03-03 00:00:00', '0000-00-00 00:00:00'),
(23, 'Penjualan Barang', 4, '?page=laporandetailpenjualan', 6, '2017-12-29 00:00:00', '2018-12-01 00:00:00'),
(25, 'Retur Penjualan', 4, '?page=laporandetailreturjual', 7, '2017-12-29 00:00:00', '2018-12-01 00:00:00');

-- --------------------------------------------------------

--
-- Table structure for table `tr_penjualan`
--

CREATE TABLE IF NOT EXISTS `tr_penjualan` (
`id_penjualan` int(6) NOT NULL,
  `kode_penjualan` char(10) NOT NULL,
  `tgl_penjualan` datetime NOT NULL,
  `id_user` char(5) NOT NULL,
  `id_customer` char(5) NOT NULL,
  `jenis_pembayaran` enum('Cash','Debit') NOT NULL,
  `no_referensi` varchar(50) NOT NULL,
  `keterangan_penjualan` text NOT NULL,
  `total_penjualan` int(6) NOT NULL,
  `total_pembayaran` int(6) NOT NULL,
  `total_potongan` int(6) NOT NULL
) ENGINE=MyISAM AUTO_INCREMENT=495 DEFAULT CHARSET=latin1 ROW_FORMAT=DYNAMIC;

--
-- Dumping data for table `tr_penjualan`
--

INSERT INTO `tr_penjualan` (`id_penjualan`, `kode_penjualan`, `tgl_penjualan`, `id_user`, `id_customer`, `jenis_pembayaran`, `no_referensi`, `keterangan_penjualan`, `total_penjualan`, `total_pembayaran`, `total_potongan`) VALUES
(1, '5C1CAD2721', '2018-12-21 00:00:00', '1', '1', 'Cash', '1', '', 189000, 189000, 0),
(2, '5C1CADCE25', '2018-12-21 00:00:00', '1', '2', 'Cash', '2', '', 189000, 189000, 0),
(3, '5C1DE1AA6A', '2018-12-22 00:00:00', '1', '4', 'Cash', '3', 'MOTHERS DAY  DISC 20% JADI 199.200', 249000, 249000, 0),
(4, '5C1E1B7B5B', '2018-12-22 00:00:00', '1', '6', 'Cash', '4', '', 189000, 189000, 0),
(5, '5C1E1BDB89', '2018-12-22 00:00:00', '1', '7', 'Cash', '5', '', 189000, 189000, 0),
(6, '5C1E1C1DCB', '2018-12-22 00:00:00', '1', '8', 'Cash', '6', '', 430000, 430000, 0),
(7, '5C1E1DD33A', '2018-12-22 00:00:00', '1', '9', 'Cash', '7', '', 215000, 215000, 0),
(8, '5C1E1FB8C3', '2018-12-22 00:00:00', '1', '10', 'Cash', '8', '', 189000, 189000, 0),
(9, '5C22ECCFED', '2018-12-26 00:00:00', '1', '11', 'Cash', '9', '', 189000, 189000, 0),
(10, '5C22ED46E3', '2018-12-26 00:00:00', '1', '12', 'Cash', '10', '', 189000, 189000, 0),
(11, '5C22EF5A0A', '2018-12-26 00:00:00', '1', '13', 'Cash', '11', '', 404000, 404000, 0),
(12, '5C22EF84A9', '2018-12-26 00:00:00', '1', '14', 'Cash', '12', '', 189000, 189000, 0),
(13, '5C22F01BDE', '2018-12-26 00:00:00', '1', '15', 'Cash', '13', '', 189000, 189000, 0),
(14, '5C22F07E09', '2018-12-26 00:00:00', '1', '16', 'Cash', '14', '', 378000, 378000, 0),
(15, '5C22F0E145', '2018-12-26 00:00:00', '1', '17', 'Cash', '15', '', 378000, 378000, 0),
(16, '5C24513CAF', '2018-12-27 00:00:00', '1', '19', 'Cash', '16', '', 189000, 189000, 0),
(17, '5C24521B84', '2018-12-27 00:00:00', '1', '20', 'Cash', '17', 'DISCONT 200.000/3PCS', 210000, 210000, 0),
(18, '5C24C4974E', '2018-12-27 00:00:00', '1', '21', 'Cash', '18', '', 140000, 140000, 0),
(19, '5C24C4F62C', '2018-12-27 00:00:00', '1', '22', 'Cash', '19', 'YEAR AND SALE 175.000', 189000, 189000, 0),
(20, '5C24C60104', '2018-12-27 00:00:00', '1', '23', 'Cash', '20', 'YEAR AND SALE 175.000', 189000, 189000, 0),
(21, '5C24C7005B', '2018-12-27 00:00:00', '1', '24', 'Cash', '21', 'YEAR AND SALE 175000', 189000, 189000, 0),
(22, '5C24C86558', '2018-12-27 00:00:00', '1', '25', 'Cash', '22', 'YEAR AND SALE 175000', 189000, 189000, 0),
(23, '5C24C8DB51', '2018-12-27 00:00:00', '1', '26', 'Cash', '23', 'YEAR AND SALE 175000', 189000, 189000, 0),
(24, '5C24C9B054', '2018-12-27 00:00:00', '1', '27', 'Cash', '24', '', 70000, 70000, 0),
(25, '5C24CA04E7', '2018-12-27 00:00:00', '1', '28', 'Cash', '25', 'YEAR AND SALE 175000', 189000, 189000, 0),
(26, '5C25AB8555', '2018-12-28 00:00:00', '1', '30', 'Cash', '26', 'YEAR END SALE 175000 SHOPEE', 189000, 189000, 0),
(27, '5C25AC3A39', '2018-12-28 00:00:00', '1', '31', 'Cash', '27', 'YEAR END SALE 175000 SHOPEE', 189000, 189000, 0),
(28, '5C25F7022C', '2018-12-28 00:00:00', '1', '33', 'Cash', '28', 'RESELLER JAKARTA  \n- YUKO 6 PCS  Rp.900.000', 1134000, 1134000, 0),
(29, '5C25F7E0B4', '2018-12-28 00:00:00', '1', '34', 'Cash', '29', 'YEAR END SALE', 189000, 189000, 0),
(30, '5C25F83CDD', '2018-12-28 00:00:00', '1', '35', 'Cash', '30', 'YEAR END SALE', 404000, 404000, 0),
(31, '5C25FE2EEB', '2018-12-28 00:00:00', '1', '12', 'Cash', '31', '', 210000, 210000, 0),
(32, '5C25FED6BA', '2018-12-28 00:00:00', '1', '36', 'Cash', '32', '', 404000, 404000, 0),
(33, '5C25FF9B8E', '2018-12-28 00:00:00', '1', '37', 'Cash', '33', 'YEAR END SALE', 189000, 189000, 0),
(34, '5C2600361B', '2018-12-28 00:00:00', '1', '38', 'Cash', '34', 'YEAR END SALE 200000', 215000, 215000, 0),
(35, '5C2601388F', '2018-12-28 00:00:00', '1', '39', 'Cash', '35', 'YEAR END SALE', 404000, 404000, 0),
(36, '5C2602AF9E', '2018-12-28 00:00:00', '1', '40', 'Cash', '36', 'YEAR END SALE 175000', 189000, 189000, 0),
(37, '5C26038624', '2018-12-28 00:00:00', '1', '41', 'Cash', '37', 'YEAR END SALE', 189000, 189000, 0),
(38, '5C2605074B', '2018-12-28 00:00:00', '1', '42', 'Cash', '38', 'YEAR END SALE 700000', 756000, 756000, 0),
(39, '5C2725918B', '2018-12-29 00:00:00', '1', '43', 'Cash', '39', 'YEAR END SALE 175000', 189000, 189000, 0),
(40, '5C27267BB5', '2018-12-29 00:00:00', '1', '44', 'Cash', '40', 'YEAR END SALE 175000', 189000, 189000, 0),
(41, '5C27278958', '2018-12-29 00:00:00', '1', '45', 'Cash', '41', 'YEAR END SALE 175000', 189000, 189000, 0),
(42, '5C27288CBD', '2018-12-29 00:00:00', '1', '46', 'Cash', '42', 'YEAR END SALE 175000', 189000, 189000, 0),
(43, '5C272A7CEA', '2018-12-29 00:00:00', '1', '47', 'Cash', '43', 'YEAR END SALE', 834000, 834000, 0),
(44, '5C272B1665', '2018-12-29 00:00:00', '1', '48', 'Cash', '44', 'YEAR END SALE 375000', 404000, 404000, 0),
(45, '5C272BD460', '2018-12-29 00:00:00', '1', '49', 'Cash', '45', 'YEAR END SALE 35000', 378000, 378000, 0),
(46, '5C272C4F0E', '2018-12-29 00:00:00', '1', '51', 'Cash', '46', 'YEAR END SALE 350000', 378000, 378000, 0),
(47, '5C272D5126', '2018-12-29 00:00:00', '1', '52', 'Cash', '47', '350000', 378000, 378000, 0),
(48, '5C272EEEEB', '2018-12-29 00:00:00', '1', '53', 'Cash', '48', 'RP.175000', 215000, 215000, 0),
(49, '5C272F7B62', '2018-12-29 00:00:00', '1', '54', 'Cash', '49', 'YEAR END SALE 350000', 378000, 378000, 0),
(50, '5C274FE2BC', '2018-12-29 00:00:00', '1', '56', 'Cash', '50', '', 175000, 175000, 0),
(51, '5C2750E977', '2018-12-29 00:00:00', '1', '57', 'Cash', '51', '', 350000, 350000, 0),
(52, '5C2761711F', '2018-12-29 00:00:00', '1', '58', 'Cash', '52', '', 350000, 350000, 0),
(53, '5C2761EA8C', '2018-12-29 00:00:00', '1', '59', 'Cash', '53', '', 175000, 175000, 0),
(54, '5C27624E23', '2018-12-29 00:00:00', '1', '60', 'Cash', '54', '', 245000, 245000, 0),
(55, '5C2762A639', '2018-12-29 00:00:00', '1', '61', 'Cash', '55', '', 175000, 175000, 0),
(56, '5C27631DAB', '2018-12-29 00:00:00', '1', '62', 'Cash', '56', '', 350000, 350000, 0),
(57, '5C27637B2A', '2018-12-29 00:00:00', '1', '63', 'Cash', '57', '', 808000, 808000, 0),
(58, '5C28213718', '2018-12-30 00:00:00', '1', '64', 'Cash', '58', 'END YEAR SALE 375.000', 404000, 404000, 0),
(59, '5C2821F563', '2018-12-30 00:00:00', '1', '65', 'Cash', '59', 'END YEAR SALE  175.000', 189000, 189000, 0),
(60, '5C2823128A', '2018-12-30 00:00:00', '1', '66', 'Cash', '60', 'DISCOUNT KHUSUS   150.000', 189000, 189000, 0),
(61, '5C2823B874', '2018-12-30 00:00:00', '1', '67', 'Cash', '61', 'END YEAR SALE  175.000', 189000, 189000, 0),
(62, '5C28253817', '2018-12-30 00:00:00', '1', '68', 'Cash', '62', 'END YEAR SALE  175.000', 189000, 189000, 0),
(63, '5C289C8243', '2018-12-30 00:00:00', '1', '69', 'Cash', '63', 'YEAR END SALE  350.000', 378000, 378000, 0),
(64, '5C289CFA6E', '2018-12-30 00:00:00', '1', '70', 'Cash', '64', 'YEAR END SALE  175.000', 189000, 189000, 0),
(65, '5C289E51E2', '2018-12-30 00:00:00', '1', '71', 'Cash', '65', 'YEAR AND SALE  175.000   200.000', 399000, 399000, 0),
(66, '5C289EB296', '2018-12-30 00:00:00', '1', '72', 'Cash', '66', 'YEAR AND SALE  175.000   200.000', 404000, 404000, 0),
(67, '5C29DD1D9F', '2018-12-31 00:00:00', '1', '73', 'Cash', '67', '', 175000, 175000, 0),
(68, '5C29F23005', '2018-12-31 00:00:00', '1', '74', 'Cash', '68', '', 175000, 175000, 0),
(69, '5C29F26F74', '2018-12-31 00:00:00', '1', '75', 'Cash', '69', '', 200000, 200000, 0),
(70, '5C29F2BA41', '2018-12-31 00:00:00', '1', '76', 'Cash', '70', '', 175000, 175000, 0),
(71, '5C29F31AEB', '2018-12-31 00:00:00', '1', '77', 'Cash', '71', '', 175000, 175000, 0),
(72, '5C29F35F99', '2018-12-31 00:00:00', '1', '78', 'Cash', '72', '', 350000, 350000, 0),
(73, '5C29F3A43B', '2018-12-31 00:00:00', '1', '79', 'Cash', '73', '', 175000, 175000, 0),
(74, '5C29F3EBB5', '2018-12-31 00:00:00', '1', '80', 'Cash', '74', '', 175000, 175000, 0),
(75, '5C29F42B38', '2018-12-31 00:00:00', '1', '81', 'Cash', '75', '', 175000, 175000, 0),
(76, '5C29F4A096', '2018-12-31 00:00:00', '1', '82', 'Cash', '76', '', 70000, 70000, 0),
(77, '5C2CA45726', '2019-01-02 00:00:00', '1', '83', 'Cash', '77', '', 189000, 189000, 0),
(78, '5C2CA4C4C4', '2019-01-02 00:00:00', '1', '84', 'Cash', '78', '', 189000, 189000, 0),
(79, '5C2CA51080', '2019-01-02 00:00:00', '1', '85', 'Cash', '79', '', 189000, 189000, 0),
(80, '5C2CA55094', '2019-01-02 00:00:00', '1', '86', 'Cash', '80', '', 189000, 189000, 0),
(81, '5C2CA59B33', '2019-01-02 00:00:00', '1', '87', 'Cash', '81', '', 189000, 189000, 0),
(82, '5C2CA5E3A5', '2019-01-02 00:00:00', '1', '88', 'Cash', '82', '', 210000, 210000, 0),
(83, '5C2CA63D73', '2019-01-02 00:00:00', '1', '89', 'Cash', '83', '', 189000, 189000, 0),
(84, '5C2DD7377C', '2019-01-03 00:00:00', '1', '90', 'Cash', '84', '', 189000, 189000, 0),
(85, '5C2DD79C5A', '2019-01-03 00:00:00', '1', '91', 'Cash', '85', '', 189000, 189000, 0),
(86, '5C2DD7CD29', '2019-01-03 00:00:00', '1', '92', 'Cash', '86', '', 189000, 189000, 0),
(87, '5C2DD83ECB', '2019-01-03 00:00:00', '1', '93', 'Cash', '87', '', 189000, 189000, 0),
(88, '5C2F3F7A5B', '2019-01-04 00:00:00', '1', '94', 'Cash', '88', '', 189000, 189000, 0),
(89, '5C2F3FBEF0', '2019-01-04 00:00:00', '1', '95', 'Cash', '89', '', 378000, 378000, 0),
(90, '5C2F4007A4', '2019-01-04 00:00:00', '1', '96', 'Cash', '90', '', 378000, 378000, 0),
(91, '5C2F41108E', '2019-01-04 00:00:00', '1', '97', 'Cash', '91', '', 782000, 782000, 0),
(92, '5C30B006DB', '2019-01-05 00:00:00', '1', '98', 'Cash', '92', '', 404000, 404000, 0),
(93, '5C332AE408', '2019-01-07 00:00:00', '1', '99', 'Cash', '93', 'ENDORSE CHIKI FAWZI', 378000, 378000, 0),
(94, '5C332E1CBA', '2019-01-07 00:00:00', '1', '100', 'Cash', '94', '', 189000, 189000, 0),
(95, '5C332E61F1', '2019-01-07 00:00:00', '1', '101', 'Cash', '95', '', 189000, 189000, 0),
(96, '5C332F09AF', '2019-01-07 00:00:00', '1', '102', 'Cash', '96', '', 378000, 378000, 0),
(97, '5C3330D3DB', '2019-01-07 00:00:00', '1', '103', 'Cash', '97', '', 215000, 215000, 0),
(98, '5C33310C8D', '2019-01-07 00:00:00', '1', '104', 'Cash', '98', '', 189000, 189000, 0),
(99, '5C33318B8D', '2019-01-07 00:00:00', '1', '105', 'Cash', '99', '', 189000, 189000, 0),
(100, '5C3332B22E', '2019-01-07 00:00:00', '1', '106', 'Cash', '100', '', 189000, 189000, 0),
(101, '5C3333467E', '2019-01-07 00:00:00', '1', '107', 'Cash', '101', '', 189000, 189000, 0),
(102, '5C333393CC', '2019-01-07 00:00:00', '1', '108', 'Cash', '102', '', 140000, 140000, 0),
(103, '5C373EB168', '2019-01-10 00:00:00', '1', '109', 'Cash', '103', '', 567000, 567000, 0),
(104, '5C3742B415', '2019-01-10 00:00:00', '1', '110', 'Cash', '104', '', 567000, 567000, 0),
(105, '5C37435D18', '2019-01-10 00:00:00', '1', '111', 'Cash', '105', '', 215000, 215000, 0),
(106, '5C3743CA4D', '2019-01-10 00:00:00', '1', '112', 'Cash', '106', '', 189000, 189000, 0),
(107, '5C38078B43', '2019-01-11 00:00:00', '1', '113', 'Cash', '107', '', 189000, 189000, 0),
(108, '5C380A8049', '2019-01-11 00:00:00', '1', '105', 'Cash', '108', '', 378000, 378000, 0),
(109, '5C380B4DC4', '2019-01-11 00:00:00', '1', '114', 'Cash', '109', '#GIVEAWAY', 189000, 189000, 0),
(110, '5C380F611E', '2019-01-11 00:00:00', '1', '115', 'Cash', '110', '', 378000, 378000, 0),
(111, '5C38102641', '2019-01-11 00:00:00', '1', '116', 'Cash', '111', '', 567000, 567000, 0),
(112, '5C38139232', '2019-01-11 00:00:00', '1', '117', 'Cash', '112', '', 378000, 378000, 0),
(113, '5C38145A3B', '2019-01-11 00:00:00', '1', '118', 'Cash', '113', '', 189000, 189000, 0),
(114, '5C3814DAEC', '2019-01-11 00:00:00', '1', '119', 'Cash', '114', '', 189000, 189000, 0),
(115, '5C38858D76', '2019-01-11 00:00:00', '1', '120', 'Cash', '115', '', 189000, 189000, 0),
(116, '5C3885DB14', '2019-01-11 00:00:00', '1', '121', 'Cash', '116', '', 189000, 189000, 0),
(117, '5C38869511', '2019-01-11 00:00:00', '1', '122', 'Cash', '117', '', 189000, 189000, 0),
(118, '5C38873207', '2019-01-11 00:00:00', '1', '123', 'Cash', '118', '', 189000, 189000, 0),
(119, '5C38879F09', '2019-01-11 00:00:00', '1', '124', 'Cash', '119', '', 448000, 448000, 0),
(120, '5C3888C293', '2019-01-11 00:00:00', '1', '125', 'Cash', '120', '', 378000, 378000, 0),
(121, '5C38892BE9', '2019-01-11 00:00:00', '1', '126', 'Cash', '121', '', 189000, 189000, 0),
(122, '5C38897058', '2019-01-11 00:00:00', '1', '127', 'Cash', '122', '', 189000, 189000, 0),
(123, '5C3889F3B9', '2019-01-11 00:00:00', '1', '128', 'Cash', '123', '#GIVE AWAY', 189000, 189000, 0),
(124, '5C388A54A9', '2019-01-11 00:00:00', '1', '129', 'Cash', '124', 'GIVEAWAY', 189000, 189000, 0),
(125, '5C388ACBD5', '2019-01-11 00:00:00', '1', '130', 'Cash', '125', 'GIVEAWAY', 189000, 189000, 0),
(126, '5C388BB92E', '2019-01-11 00:00:00', '1', '131', 'Cash', '126', 'GIVEAWAY', 189000, 189000, 0),
(127, '5C388BF672', '2019-01-11 00:00:00', '1', '132', 'Cash', '127', '', 567000, 567000, 0),
(128, '5C388CDE52', '2019-01-11 00:00:00', '1', '133', 'Cash', '128', '', 378000, 378000, 0),
(129, '5C388DC352', '2019-01-11 00:00:00', '1', '48', 'Cash', '129', '', 189000, 189000, 0),
(130, '5C388E078F', '2019-01-11 00:00:00', '1', '72', 'Cash', '130', '', 189000, 189000, 0),
(131, '5C388F84A3', '2019-01-11 00:00:00', '1', '134', 'Cash', '131', '', 215000, 215000, 0),
(132, '5C388FF884', '2019-01-11 00:00:00', '1', '135', 'Cash', '132', '', 189000, 189000, 0),
(133, '5C3890806E', '2019-01-11 00:00:00', '1', '136', 'Cash', '133', '', 378000, 378000, 0),
(134, '5C39B77C45', '2019-01-12 00:00:00', '1', '137', 'Cash', '134', '', 378000, 378000, 0),
(135, '5C39BC6333', '2019-01-12 00:00:00', '1', '138', 'Cash', '135', '', 189000, 189000, 0),
(136, '5C39BCD0C5', '2019-01-12 00:00:00', '1', '139', 'Cash', '136', '', 404000, 404000, 0),
(137, '5C39BD48AF', '2019-01-12 00:00:00', '1', '140', 'Cash', '137', '', 404000, 404000, 0),
(138, '5C39BDBFB6', '2019-01-12 00:00:00', '1', '141', 'Cash', '138', '', 378000, 378000, 0),
(139, '5C39BE197F', '2019-01-12 00:00:00', '1', '142', 'Cash', '139', '', 404000, 404000, 0),
(140, '5C39BE7AAF', '2019-01-12 00:00:00', '1', '143', 'Cash', '140', '', 1186000, 1186000, 0),
(141, '5C39BF609C', '2019-01-12 00:00:00', '1', '144', 'Cash', '141', '', 378000, 378000, 0),
(142, '5C39BFD6F1', '2019-01-12 00:00:00', '1', '145', 'Cash', '142', '', 215000, 215000, 0),
(143, '5C39C044A7', '2019-01-12 00:00:00', '1', '146', 'Cash', '143', '', 378000, 378000, 0),
(144, '5C39C0AB65', '2019-01-12 00:00:00', '1', '147', 'Cash', '144', '', 189000, 189000, 0),
(145, '5C39C14197', '2019-01-12 00:00:00', '1', '148', 'Cash', '145', '', 189000, 189000, 0),
(146, '5C3C907C91', '2019-01-14 00:00:00', '1', '72', 'Cash', '146', '', 215000, 215000, 0),
(147, '5C3C90A502', '2019-01-14 00:00:00', '1', '149', 'Cash', '147', '', 860000, 860000, 0),
(148, '5C3C90F8AD', '2019-01-14 00:00:00', '1', '146', 'Cash', '148', '', 215000, 215000, 0),
(149, '5C3C911BD8', '2019-01-14 00:00:00', '1', '150', 'Cash', '149', '', 189000, 189000, 0),
(150, '5C3C918A51', '2019-01-14 00:00:00', '1', '151', 'Cash', '150', '', 215000, 215000, 0),
(151, '5C3C91BBA9', '2019-01-14 00:00:00', '1', '152', 'Cash', '151', '', 430000, 430000, 0),
(152, '5C3C91F6C1', '2019-01-14 00:00:00', '1', '153', 'Cash', '152', '', 215000, 215000, 0),
(153, '5C3C922C87', '2019-01-14 00:00:00', '1', '154', 'Cash', '153', '', 378000, 378000, 0),
(154, '5C3C926A37', '2019-01-14 00:00:00', '1', '155', 'Cash', '154', '', 404000, 404000, 0),
(155, '5C3C92DE42', '2019-01-14 00:00:00', '1', '156', 'Cash', '155', '', 189000, 189000, 0),
(156, '5C3C93630D', '2019-01-14 00:00:00', '1', '157', 'Cash', '156', '', 215000, 215000, 0),
(157, '5C3C93C256', '2019-01-14 00:00:00', '1', '158', 'Cash', '157', '', 378000, 378000, 0),
(158, '5C3DB99846', '2019-01-15 00:00:00', '1', '159', 'Cash', '158', '', 782000, 782000, 0),
(159, '5C3DBB10AC', '2019-01-15 00:00:00', '1', '160', 'Cash', '159', '', 215000, 215000, 0),
(160, '5C3DBB468C', '2019-01-15 00:00:00', '1', '161', 'Cash', '160', '', 378000, 378000, 0),
(161, '5C3DBBC455', '2019-01-15 00:00:00', '1', '162', 'Cash', '161', '', 189000, 189000, 0),
(162, '5C3DBC3655', '2019-01-15 00:00:00', '1', '163', 'Cash', '162', '', 189000, 189000, 0),
(163, '5C3DBC8E43', '2019-01-15 00:00:00', '1', '149', 'Cash', '163', '', 215000, 215000, 0),
(164, '5C3DBCB653', '2019-01-15 00:00:00', '1', '164', 'Cash', '164', '', 1700000, 1700000, 0),
(165, '5C3EF78D70', '2019-01-16 00:00:00', '1', '165', 'Cash', '165', '', 378000, 378000, 0),
(166, '5C3EF7DD63', '2019-01-16 00:00:00', '1', '166', 'Cash', '166', 'ENDORSE', 189000, 189000, 0),
(167, '5C3EF9D735', '2019-01-16 00:00:00', '1', '167', 'Cash', '167', '', 189000, 189000, 0),
(168, '5C4071C06A', '2019-01-17 00:00:00', '1', '168', 'Cash', '168', '', 189000, 189000, 0),
(169, '5C40720337', '2019-01-17 00:00:00', '1', '169', 'Cash', '169', '', 215000, 215000, 0),
(170, '5C40722FE8', '2019-01-17 00:00:00', '1', '170', 'Cash', '170', '', 259000, 259000, 0),
(171, '5C4072724F', '2019-01-17 00:00:00', '1', '171', 'Cash', '171', '', 189000, 189000, 0),
(172, '5C40729953', '2019-01-17 00:00:00', '1', '172', 'Cash', '172', '', 215000, 215000, 0),
(173, '5C4072D284', '2019-01-17 00:00:00', '1', '173', 'Cash', '173', '', 215000, 215000, 0),
(174, '5C4073130A', '2019-01-17 00:00:00', '1', '174', 'Cash', '174', '', 189000, 189000, 0),
(175, '5C40734558', '2019-01-17 00:00:00', '1', '175', 'Cash', '175', '', 945000, 945000, 0),
(176, '5C407395E8', '2019-01-17 00:00:00', '1', '176', 'Cash', '176', '', 971000, 971000, 0),
(177, '5C4073E260', '2019-01-17 00:00:00', '1', '177', 'Cash', '177', '', 189000, 189000, 0),
(178, '5C41B2763A', '2019-01-18 00:00:00', '1', '178', 'Cash', '178', '', 1600000, 1600000, 0),
(179, '5C41C59F85', '2019-01-18 00:00:00', '1', '179', 'Cash', '179', '', 189000, 189000, 0),
(180, '5C41C5DA8A', '2019-01-18 00:00:00', '1', '180', 'Cash', '180', '', 189000, 189000, 0),
(181, '5C41C61658', '2019-01-18 00:00:00', '1', '181', 'Cash', '181', '', 189000, 189000, 0),
(182, '5C41C65601', '2019-01-18 00:00:00', '1', '182', 'Cash', '182', '', 189000, 189000, 0),
(183, '5C41C69D6D', '2019-01-18 00:00:00', '1', '183', 'Cash', '183', '', 189000, 189000, 0),
(184, '5C42A88F7B', '2019-01-19 00:00:00', '1', '184', 'Cash', '184', '', 189000, 189000, 0),
(185, '5C42A900DA', '2019-01-19 00:00:00', '1', '185', 'Cash', '185', 'SONNY DAN IRA', 378000, 378000, 0),
(186, '5C45BFFEE6', '2019-01-21 00:00:00', '1', '188', 'Cash', '186', '', 300000, 300000, 0),
(187, '5C45C15841', '2019-01-21 00:00:00', '1', '189', 'Cash', '187', '', 567000, 567000, 0),
(188, '5C45C1A029', '2019-01-21 00:00:00', '1', '190', 'Cash', '188', '', 189000, 189000, 0),
(189, '5C45C1DB50', '2019-01-21 00:00:00', '1', '191', 'Cash', '189', 'SCARF SYARI', 230000, 230000, 0),
(190, '5C45C242CC', '2019-01-21 00:00:00', '1', '192', 'Cash', '190', '', 189000, 189000, 0),
(191, '5C45C27A76', '2019-01-21 00:00:00', '1', '193', 'Cash', '191', '', 300000, 300000, 0),
(192, '5C45C2F25E', '2019-01-21 00:00:00', '1', '194', 'Cash', '192', '', 302400, 302400, 0),
(193, '5C468F5C9F', '2019-01-22 00:00:00', '1', '195', 'Cash', '193', '', 830000, 830000, 0),
(194, '5C4690983A', '2019-01-22 00:00:00', '1', '196', 'Cash', '194', '', 189000, 189000, 0),
(195, '5C46DBDA01', '2019-01-22 00:00:00', '1', '197', 'Cash', '195', '', 189000, 189000, 0),
(196, '5C46DC4013', '2019-01-22 00:00:00', '1', '198', 'Cash', '196', '', 189000, 189000, 0),
(197, '5C46DCA40C', '2019-01-22 00:00:00', '1', '199', 'Cash', '197', '', 105000, 105000, 0),
(198, '5C46DD0854', '2019-01-22 00:00:00', '1', '200', 'Cash', '198', '', 189000, 189000, 0),
(199, '5C46DD5E88', '2019-01-22 00:00:00', '1', '201', 'Cash', '199', '', 189000, 189000, 0),
(200, '5C46F5990E', '2019-01-22 00:00:00', '1', '202', 'Cash', '200', '', 2150000, 2150000, 0),
(201, '5C46F68513', '2019-01-22 00:00:00', '1', '203', 'Cash', '201', '', 700000, 700000, 0),
(202, '5C492EB88F', '2019-01-24 00:00:00', '1', '28', 'Cash', '202', 'DISC BANK MANDIRI', 315000, 315000, 0),
(203, '5C49A67F71', '2019-01-24 00:00:00', '1', '205', 'Cash', '203', '', 1890000, 1890000, 0),
(204, '5C49A9CDA4', '2019-01-24 00:00:00', '1', '206', 'Cash', '204', '', 210000, 210000, 0),
(205, '5C49AD9529', '2019-01-24 00:00:00', '1', '207', 'Cash', '205', '', 294000, 294000, 0),
(206, '5C49AE3D0A', '2019-01-24 00:00:00', '1', '208', 'Cash', '206', '', 189000, 189000, 0),
(207, '5C49AF72EC', '2019-01-24 00:00:00', '1', '209', 'Cash', '207', '', 399000, 399000, 0),
(208, '5C49AFD5D4', '2019-01-24 00:00:00', '1', '210', 'Cash', '208', '', 399000, 399000, 0),
(209, '5C49B04AB6', '2019-01-24 00:00:00', '1', '211', 'Cash', '209', '', 105000, 105000, 0),
(210, '5C49B0C03A', '2019-01-24 00:00:00', '1', '212', 'Cash', '210', '', 189000, 189000, 0),
(211, '5C49B5BCDF', '2019-01-24 00:00:00', '1', '213', 'Cash', '211', '', 105000, 105000, 0),
(212, '5C49B63859', '2019-01-24 00:00:00', '1', '214', 'Cash', '212', '', 189000, 189000, 0),
(213, '5C49B6AC5B', '2019-01-24 00:00:00', '1', '215', 'Cash', '213', '', 420000, 420000, 0),
(214, '5C49B730AE', '2019-01-24 00:00:00', '1', '216', 'Cash', '214', '', 105000, 105000, 0),
(215, '5C49B7A7AF', '2019-01-24 00:00:00', '1', '217', 'Cash', '215', '', 420000, 420000, 0),
(216, '5C49B8317C', '2019-01-24 00:00:00', '1', '218', 'Cash', '216', '', 315000, 315000, 0),
(217, '5C49B893D6', '2019-01-24 00:00:00', '1', '219', 'Cash', '217', '', 105000, 105000, 0),
(218, '5C49B8E9C6', '2019-01-24 00:00:00', '1', '220', 'Cash', '218', '', 105000, 105000, 0),
(219, '5C49B94A20', '2019-01-24 00:00:00', '1', '221', 'Cash', '219', '', 189000, 189000, 0),
(220, '5C49B99311', '2019-01-24 00:00:00', '1', '222', 'Cash', '220', '', 210000, 210000, 0),
(221, '5C49B9D8C4', '2019-01-24 00:00:00', '1', '223', 'Cash', '221', '', 378000, 378000, 0),
(222, '5C49BA14A1', '2019-01-24 00:00:00', '1', '149', 'Cash', '222', '', 315000, 315000, 0),
(223, '5C4ABE538E', '2019-01-25 00:00:00', '1', '185', 'Cash', '223', '', 1640000, 1640000, 0),
(224, '5C4AC27216', '2019-01-25 00:00:00', '1', '149', 'Cash', '224', '', 782000, 782000, 0),
(225, '5C4ACBB236', '2019-01-25 00:00:00', '1', '63', 'Cash', '225', '', 840000, 840000, 0),
(226, '5C4AD1C82C', '2019-01-25 00:00:00', '1', '72', 'Cash', '226', '', 189000, 189000, 0),
(227, '5C4AD2ACEF', '2019-01-25 00:00:00', '1', '175', 'Cash', '227', '', 280000, 280000, 0),
(228, '5C4AD3E546', '2019-01-25 00:00:00', '1', '224', 'Cash', '228', '', 399000, 399000, 0),
(229, '5C4AEB9807', '2019-01-25 00:00:00', '1', '149', 'Cash', '229', '', 609000, 609000, 0),
(230, '5C4AFEF458', '2019-01-25 00:00:00', '1', '225', 'Cash', '230', '', 300000, 300000, 0),
(231, '5C4AFFB5B5', '2019-01-25 00:00:00', '1', '226', 'Cash', '231', '', 588000, 588000, 0),
(232, '5C4B004FA3', '2019-01-25 00:00:00', '1', '227', 'Cash', '232', '', 105000, 105000, 0),
(233, '5C4B009454', '2019-01-25 00:00:00', '1', '228', 'Cash', '233', '', 189000, 189000, 0),
(234, '5C4B01B63D', '2019-01-25 00:00:00', '1', '229', 'Cash', '234', '', 105000, 105000, 0),
(235, '5C4B027BC5', '2019-01-25 00:00:00', '1', '230', 'Cash', '235', '', 1785000, 1785000, 0),
(236, '5C4C4A5A36', '2019-01-26 00:00:00', '1', '149', 'Cash', '236', 'SINTHA MANDIRI', 210000, 210000, 0),
(237, '5C4EAEA06D', '2019-01-28 00:00:00', '1', '149', 'Cash', '237', '', 504000, 504000, 0),
(238, '5C4EB02739', '2019-01-28 00:00:00', '1', '231', 'Cash', '238', '', 189000, 189000, 0),
(239, '5C4EB08531', '2019-01-28 00:00:00', '1', '232', 'Cash', '239', '', 189000, 189000, 0),
(240, '5C5011E812', '2019-01-29 00:00:00', '1', '186', 'Cash', '240', '', 7025000, 7025000, 0),
(241, '5C50180968', '2019-01-29 00:00:00', '1', '233', 'Cash', '241', '', 210000, 210000, 0),
(242, '5C50186228', '2019-01-29 00:00:00', '1', '234', 'Cash', '242', '', 70000, 70000, 0),
(243, '5C5019B470', '2019-01-29 00:00:00', '1', '235', 'Cash', '243', '', 756000, 756000, 0),
(244, '5C501A486A', '2019-01-29 00:00:00', '1', '217', 'Cash', '244', '', 105000, 105000, 0),
(245, '5C501A806D', '2019-01-29 00:00:00', '1', '236', 'Cash', '245', '', 189000, 189000, 0),
(246, '5C501AC08A', '2019-01-29 00:00:00', '1', '237', 'Cash', '246', '', 315000, 315000, 0),
(247, '5C501B79A1', '2019-01-29 00:00:00', '1', '238', 'Cash', '247', '', 315000, 315000, 0),
(248, '5C501C1E30', '2019-01-29 00:00:00', '1', '239', 'Cash', '248', '', 189000, 189000, 0),
(249, '5C501C8318', '2019-01-29 00:00:00', '1', '240', 'Cash', '249', '', 315000, 315000, 0),
(250, '5C50225B26', '2019-01-29 00:00:00', '1', '12', 'Cash', '250', '', 105000, 105000, 0),
(251, '5C50227E3F', '2019-01-29 00:00:00', '1', '241', 'Cash', '251', '', 378000, 378000, 0),
(252, '5C5022D897', '2019-01-29 00:00:00', '1', '242', 'Cash', '252', '', 630000, 630000, 0),
(253, '5C50237B85', '2019-01-29 00:00:00', '1', '243', 'Cash', '253', '', 189000, 189000, 0),
(254, '5C5023D8CC', '2019-01-29 00:00:00', '1', '244', 'Cash', '254', '', 105000, 105000, 0),
(255, '5C50248DE1', '2019-01-29 00:00:00', '1', '245', 'Cash', '255', '', 189000, 189000, 0),
(256, '5C5024E083', '2019-01-29 00:00:00', '1', '246', 'Cash', '256', '', 189000, 189000, 0),
(257, '5C5025D81C', '2019-01-29 00:00:00', '1', '247', 'Cash', '257', '', 189000, 189000, 0),
(258, '5C50275666', '2019-01-29 00:00:00', '1', '217', 'Cash', '258', '', 420000, 420000, 0),
(259, '5C5029E9CA', '2019-01-29 00:00:00', '1', '248', 'Cash', '259', '', 189000, 189000, 0),
(260, '5C502A3D17', '2019-01-29 00:00:00', '1', '185', 'Cash', '260', '', 567000, 567000, 0),
(261, '5C50339603', '2019-01-29 00:00:00', '1', '149', 'Cash', '261', '', 315000, 315000, 0),
(262, '5C50377344', '2019-01-29 00:00:00', '1', '242', 'Cash', '262', '', 378000, 378000, 0),
(263, '5C5037E97E', '2019-01-29 00:00:00', '1', '249', 'Cash', '263', '', 189000, 189000, 0),
(264, '5C50385683', '2019-01-29 00:00:00', '1', '250', 'Cash', '264', '', 210000, 210000, 0),
(265, '5C5038A38E', '2019-01-29 00:00:00', '1', '251', 'Cash', '265', '', 504000, 504000, 0),
(266, '5C5039AB37', '2019-01-29 00:00:00', '1', '252', 'Cash', '266', '', 756000, 756000, 0),
(267, '5C53DF610D', '2019-02-01 00:00:00', '1', '175', 'Cash', '267', '', 756000, 756000, 0),
(268, '5C543A21AA', '2019-02-01 00:00:00', '1', '253', 'Cash', '268', '', 189000, 189000, 0),
(269, '5C543A6E30', '2019-02-01 00:00:00', '1', '254', 'Cash', '269', '', 189000, 189000, 0),
(270, '5C543AA864', '2019-02-01 00:00:00', '1', '255', 'Cash', '270', '', 315000, 315000, 0),
(271, '5C543B1A70', '2019-02-01 00:00:00', '1', '256', 'Cash', '271', '', 189000, 189000, 0),
(272, '5C543B7D0C', '2019-02-01 00:00:00', '1', '257', 'Cash', '272', '', 189000, 189000, 0),
(273, '5C5A545261', '2019-02-06 00:00:00', '1', '258', 'Cash', '273', '', 756000, 756000, 0),
(274, '5C5AB9F625', '2019-02-06 00:00:00', '1', '185', 'Cash', '274', '', 567000, 567000, 0),
(275, '5C5BE7101C', '2019-02-07 00:00:00', '1', '260', 'Cash', '275', '', 567000, 567000, 0),
(276, '5C5BE80A40', '2019-02-07 00:00:00', '1', '261', 'Cash', '276', '', 215000, 215000, 0),
(277, '5C5BE863CC', '2019-02-07 00:00:00', '1', '262', 'Cash', '277', '', 189000, 189000, 0),
(278, '5C5BE8A77C', '2019-02-07 00:00:00', '1', '258', 'Cash', '278', '', 567000, 567000, 0),
(279, '5C5C07005D', '2019-02-07 00:00:00', '1', '264', 'Cash', '279', '', 378000, 378000, 0),
(280, '5C5D4EEE20', '2019-02-08 00:00:00', '1', '143', 'Cash', '280', '', 579000, 579000, 0),
(281, '5C5D4F308C', '2019-02-08 00:00:00', '1', '266', 'Cash', '281', '', 404000, 404000, 0),
(282, '5C5D4F6D65', '2019-02-08 00:00:00', '1', '267', 'Cash', '282', '', 189000, 189000, 0),
(283, '5C5D4FCA43', '2019-02-08 00:00:00', '1', '268', 'Cash', '283', '', 315000, 315000, 0),
(284, '5C5D504F0F', '2019-02-08 00:00:00', '1', '269', 'Cash', '284', '', 210000, 210000, 0),
(285, '5C5D5096C1', '2019-02-08 00:00:00', '1', '270', 'Cash', '285', '', 189000, 189000, 0),
(286, '5C5D50E96C', '2019-02-08 00:00:00', '1', '271', 'Cash', '286', '', 378000, 378000, 0),
(287, '5C5D5146CE', '2019-02-08 00:00:00', '1', '258', 'Cash', '287', '', 1470000, 1470000, 0),
(288, '5C5E69C424', '2019-02-09 00:00:00', '1', '258', 'Cash', '288', '', 567000, 567000, 0),
(289, '5C6129F830', '2019-02-11 00:00:00', '1', '272', 'Cash', '289', '', 210000, 210000, 0),
(290, '5C612A5A4D', '2019-02-11 00:00:00', '1', '273', 'Cash', '290', '', 189000, 189000, 0),
(291, '5C612A9640', '2019-02-11 00:00:00', '1', '274', 'Cash', '291', '', 756000, 756000, 0),
(292, '5C612AEA3D', '2019-02-11 00:00:00', '1', '258', 'Cash', '292', '', 1323000, 1323000, 0),
(293, '5C622C2F2A', '2019-02-12 00:00:00', '1', '259', 'Cash', '293', '', 2079000, 2079000, 0),
(294, '5C641814C6', '2019-02-13 00:00:00', '1', '275', 'Cash', '294', '', 4331000, 4331000, 0),
(295, '5C6419F8C3', '2019-02-13 00:00:00', '1', '276', 'Cash', '295', '', 330000, 330000, 0),
(296, '5C641A7886', '2019-02-13 00:00:00', '1', '277', 'Cash', '296', '', 165000, 165000, 0),
(297, '5C641ABE05', '2019-02-13 00:00:00', '1', '278', 'Cash', '297', '', 165000, 165000, 0),
(298, '5C641AFEC3', '2019-02-13 00:00:00', '1', '279', 'Cash', '298', '', 330000, 330000, 0),
(299, '5C641B51CA', '2019-02-13 00:00:00', '1', '280', 'Cash', '299', '', 495000, 495000, 0),
(300, '5C641BAF72', '2019-02-13 00:00:00', '1', '281', 'Cash', '300', '', 330000, 330000, 0),
(301, '5C641C07E1', '2019-02-13 00:00:00', '1', '282', 'Cash', '301', '', 330000, 330000, 0),
(302, '5C641C68BD', '2019-02-13 00:00:00', '1', '283', 'Cash', '302', '', 165000, 165000, 0),
(303, '5C641CB9BE', '2019-02-13 00:00:00', '1', '284', 'Cash', '303', '', 165000, 165000, 0),
(304, '5C641D9735', '2019-02-13 00:00:00', '1', '285', 'Cash', '304', '', 165000, 165000, 0),
(305, '5C641F6A82', '2019-02-13 00:00:00', '1', '286', 'Cash', '305', '', 165000, 165000, 0),
(306, '5C641FB733', '2019-02-13 00:00:00', '1', '287', 'Cash', '306', '', 330000, 330000, 0),
(307, '5C6420235D', '2019-02-13 00:00:00', '1', '288', 'Cash', '307', '', 165000, 165000, 0),
(308, '5C64206CDF', '2019-02-13 00:00:00', '1', '289', 'Cash', '308', '', 165000, 165000, 0),
(309, '5C6420DD61', '2019-02-13 00:00:00', '1', '290', 'Cash', '309', '', 330000, 330000, 0),
(310, '5C64214654', '2019-02-13 00:00:00', '1', '291', 'Cash', '310', '', 165000, 165000, 0),
(311, '5C64218F27', '2019-02-13 00:00:00', '1', '292', 'Cash', '311', '', 165000, 165000, 0),
(312, '5C6421E113', '2019-02-13 00:00:00', '1', '293', 'Cash', '312', '', 165000, 165000, 0),
(313, '5C6422490D', '2019-02-13 00:00:00', '1', '294', 'Cash', '313', '', 165000, 165000, 0),
(314, '5C6422C11F', '2019-02-13 00:00:00', '1', '295', 'Cash', '314', '', 165000, 165000, 0),
(315, '5C6423131B', '2019-02-13 00:00:00', '1', '296', 'Cash', '315', '', 435000, 435000, 0),
(316, '5C64238E54', '2019-02-13 00:00:00', '1', '297', 'Cash', '316', '', 165000, 165000, 0),
(317, '5C6423F809', '2019-02-13 00:00:00', '1', '298', 'Cash', '317', '', 165000, 165000, 0),
(318, '5C64245B19', '2019-02-13 00:00:00', '1', '299', 'Cash', '318', '', 165000, 165000, 0),
(319, '5C6424BD7B', '2019-02-13 00:00:00', '1', '300', 'Cash', '319', '', 165000, 165000, 0),
(320, '5C64D21726', '2019-02-14 00:00:00', '1', '301', 'Cash', '320', '', 165000, 165000, 0),
(321, '5C64D40BD6', '2019-02-14 00:00:00', '1', '302', 'Cash', '321', '', 165000, 165000, 0),
(322, '5C64D46BAD', '2019-02-14 00:00:00', '1', '303', 'Cash', '322', '', 495000, 495000, 0),
(323, '5C64D7134B', '2019-02-14 00:00:00', '1', '304', 'Cash', '323', '', 330000, 330000, 0),
(324, '5C64D81880', '2019-02-14 00:00:00', '1', '305', 'Cash', '324', '', 330000, 330000, 0),
(325, '5C64D94CE0', '2019-02-14 00:00:00', '1', '306', 'Cash', '325', '', 165000, 165000, 0),
(326, '5C64DCD36E', '2019-02-14 00:00:00', '1', '307', 'Cash', '326', '', 330000, 330000, 0),
(327, '5C64DD9454', '2019-02-14 00:00:00', '1', '308', 'Cash', '327', '', 165000, 165000, 0),
(328, '5C64E1E719', '2019-02-14 00:00:00', '1', '309', 'Cash', '328', '', 165000, 165000, 0),
(329, '5C64E22B56', '2019-02-14 00:00:00', '1', '310', 'Cash', '329', '', 165000, 165000, 0),
(330, '5C64E2921D', '2019-02-14 00:00:00', '1', '311', 'Cash', '330', '', 330000, 330000, 0),
(331, '5C64E595B6', '2019-02-14 00:00:00', '1', '312', 'Cash', '331', '', 165000, 165000, 0),
(332, '5C64E6993C', '2019-02-14 00:00:00', '1', '313', 'Cash', '332', '', 330000, 330000, 0),
(333, '5C64E70730', '2019-02-14 00:00:00', '1', '314', 'Cash', '333', '', 165000, 165000, 0),
(334, '5C64E75453', '2019-02-14 00:00:00', '1', '315', 'Cash', '334', '', 645000, 645000, 0),
(335, '5C64E7F346', '2019-02-14 00:00:00', '1', '316', 'Cash', '335', '', 165000, 165000, 0),
(336, '5C64EA14D1', '2019-02-14 00:00:00', '1', '317', 'Cash', '336', '', 330000, 330000, 0),
(337, '5C64EB6C07', '2019-02-14 00:00:00', '1', '318', 'Cash', '337', '', 165000, 165000, 0),
(338, '5C64EBD3B1', '2019-02-14 00:00:00', '1', '319', 'Cash', '338', '', 165000, 165000, 0),
(339, '5C64EC7947', '2019-02-14 00:00:00', '1', '320', 'Cash', '339', '', 165000, 165000, 0),
(340, '5C64ECC2AC', '2019-02-14 00:00:00', '1', '321', 'Cash', '340', '', 165000, 165000, 0),
(341, '5C64ED0CD6', '2019-02-14 00:00:00', '1', '322', 'Cash', '341', '', 330000, 330000, 0),
(342, '5C64EF1210', '2019-02-14 00:00:00', '1', '323', 'Cash', '342', '', 165000, 165000, 0),
(343, '5C64EF5AC0', '2019-02-14 00:00:00', '1', '324', 'Cash', '343', '', 165000, 165000, 0),
(344, '5C64EFC1B0', '2019-02-14 00:00:00', '1', '325', 'Cash', '344', '', 165000, 165000, 0),
(345, '5C64F02532', '2019-02-14 00:00:00', '1', '326', 'Cash', '345', '', 330000, 330000, 0),
(346, '5C64F10A36', '2019-02-14 00:00:00', '1', '327', 'Cash', '346', '', 330000, 330000, 0),
(347, '5C64F16451', '2019-02-14 00:00:00', '1', '328', 'Cash', '347', '', 165000, 165000, 0),
(348, '5C64F26BBF', '2019-02-14 00:00:00', '1', '329', 'Cash', '348', '', 165000, 165000, 0),
(349, '5C64F2C3A8', '2019-02-14 00:00:00', '1', '330', 'Cash', '349', '', 330000, 330000, 0),
(350, '5C64F3B798', '2019-02-14 00:00:00', '1', '331', 'Cash', '350', '', 330000, 330000, 0),
(351, '5C64F4C059', '2019-02-14 00:00:00', '1', '332', 'Cash', '351', '', 165000, 165000, 0),
(352, '5C64F5691C', '2019-02-14 00:00:00', '1', '333', 'Cash', '352', '', 1014000, 1014000, 0),
(353, '5C64F66112', '2019-02-14 00:00:00', '1', '334', 'Cash', '353', '', 165000, 165000, 0),
(354, '5C64F6D69B', '2019-02-14 00:00:00', '1', '335', 'Cash', '354', '', 165000, 165000, 0),
(355, '5C64F7181E', '2019-02-14 00:00:00', '1', '336', 'Cash', '355', '', 165000, 165000, 0),
(356, '5C64F76E0F', '2019-02-14 00:00:00', '1', '337', 'Cash', '356', '', 165000, 165000, 0),
(357, '5C64F7B375', '2019-02-14 00:00:00', '1', '338', 'Cash', '357', '', 165000, 165000, 0),
(358, '5C64F801D0', '2019-02-14 00:00:00', '1', '339', 'Cash', '358', '', 330000, 330000, 0),
(359, '5C64F857CB', '2019-02-14 00:00:00', '1', '340', 'Cash', '359', '', 330000, 330000, 0),
(360, '5C650E7759', '2019-02-14 00:00:00', '1', '341', 'Cash', '360', '', 495000, 495000, 0),
(361, '5C650F9B20', '2019-02-14 00:00:00', '1', '342', 'Cash', '361', '', 165000, 165000, 0),
(362, '5C65101F21', '2019-02-14 00:00:00', '1', '343', 'Cash', '362', '', 165000, 165000, 0),
(363, '5C65107AEF', '2019-02-14 00:00:00', '1', '344', 'Cash', '363', '', 165000, 165000, 0),
(364, '5C6511A69E', '2019-02-14 00:00:00', '1', '345', 'Cash', '364', '', 330000, 330000, 0),
(365, '5C651222D3', '2019-02-14 00:00:00', '1', '346', 'Cash', '365', '', 165000, 165000, 0),
(366, '5C65128469', '2019-02-14 00:00:00', '1', '347', 'Cash', '366', '', 165000, 165000, 0),
(367, '5C6512DED8', '2019-02-14 00:00:00', '1', '348', 'Cash', '367', '', 495000, 495000, 0),
(368, '5C6513D2D4', '2019-02-14 00:00:00', '1', '349', 'Cash', '368', '', 165000, 165000, 0),
(369, '5C65143551', '2019-02-14 00:00:00', '1', '350', 'Cash', '369', '', 165000, 165000, 0),
(370, '5C6514A073', '2019-02-14 00:00:00', '1', '351', 'Cash', '370', '', 165000, 165000, 0),
(371, '5C65160B08', '2019-02-14 00:00:00', '1', '352', 'Cash', '371', '', 330000, 330000, 0),
(372, '5C65165601', '2019-02-14 00:00:00', '1', '353', 'Cash', '372', '', 165000, 165000, 0),
(373, '5C651B839D', '2019-02-14 00:00:00', '1', '140', 'Cash', '373', '', 330000, 330000, 0),
(374, '5C651BBACB', '2019-02-14 00:00:00', '1', '354', 'Cash', '374', '', 330000, 330000, 0),
(375, '5C651C03C7', '2019-02-14 00:00:00', '1', '355', 'Cash', '375', '', 330000, 330000, 0),
(376, '5C651C46CC', '2019-02-14 00:00:00', '1', '356', 'Cash', '376', '', 330000, 330000, 0),
(377, '5C651C9E32', '2019-02-14 00:00:00', '1', '357', 'Cash', '377', '', 165000, 165000, 0),
(378, '5C66A14570', '2019-02-15 00:00:00', '1', '358', 'Cash', '378', '', 189000, 189000, 0),
(379, '5C66AEC55B', '2019-02-15 00:00:00', '1', '359', 'Cash', '379', '', 189000, 189000, 0),
(380, '5C66AF1093', '2019-02-15 00:00:00', '1', '360', 'Cash', '380', '', 756000, 756000, 0),
(381, '5C66AFC9ED', '2019-02-15 00:00:00', '1', '361', 'Cash', '381', '', 189000, 189000, 0),
(382, '5C66B04822', '2019-02-15 00:00:00', '1', '362', 'Cash', '382', '', 189000, 189000, 0),
(383, '5C66B08275', '2019-02-15 00:00:00', '1', '363', 'Cash', '383', '', 189000, 189000, 0),
(384, '5C6E81E61C', '2019-02-21 00:00:00', '1', '364', 'Cash', '384', '', 189000, 189000, 0),
(385, '5C6E83AF58', '2019-02-21 00:00:00', '1', '365', 'Cash', '385', '', 378000, 378000, 0),
(386, '5C6E840EDA', '2019-02-21 00:00:00', '1', '366', 'Cash', '386', '', 567000, 567000, 0),
(387, '5C6E844DCB', '2019-02-21 00:00:00', '1', '367', 'Cash', '387', '', 189000, 189000, 0),
(388, '5C6E84A5CF', '2019-02-21 00:00:00', '1', '368', 'Cash', '388', '', 189000, 189000, 0),
(389, '5C6E851A02', '2019-02-21 00:00:00', '1', '369', 'Cash', '389', '', 189000, 189000, 0),
(390, '5C6E8552C7', '2019-02-21 00:00:00', '1', '370', 'Cash', '390', '', 189000, 189000, 0),
(391, '5C6E858D12', '2019-02-21 00:00:00', '1', '372', 'Cash', '391', '', 189000, 189000, 0),
(392, '5C6E85D746', '2019-02-21 00:00:00', '1', '373', 'Cash', '392', '', 756000, 756000, 0),
(393, '5C6E864DBA', '2019-02-21 00:00:00', '1', '374', 'Cash', '393', '', 567000, 567000, 0),
(394, '5C6E874727', '2019-02-21 00:00:00', '1', '375', 'Cash', '394', '', 567000, 567000, 0),
(395, '5C6E878148', '2019-02-21 00:00:00', '1', '242', 'Cash', '395', '', 1134000, 1134000, 0),
(396, '5C6E87DC65', '2019-02-21 00:00:00', '1', '35', 'Cash', '396', '', 189000, 189000, 0),
(397, '5C6E881677', '2019-02-21 00:00:00', '1', '66', 'Cash', '397', 'DAN SENJA X ADEL', 189000, 189000, 0),
(398, '5C6E884D9B', '2019-02-21 00:00:00', '1', '376', 'Cash', '398', '', 189000, 189000, 0),
(399, '5C6E8897E0', '2019-02-21 00:00:00', '1', '99', 'Cash', '399', '', 378000, 378000, 0),
(400, '5C6E88B97B', '2019-02-21 00:00:00', '1', '377', 'Cash', '400', '', 189000, 189000, 0),
(401, '5C6E890981', '2019-02-21 00:00:00', '1', '378', 'Cash', '401', '', 189000, 189000, 0),
(402, '5C6E894F20', '2019-02-21 00:00:00', '1', '379', 'Cash', '402', '', 294000, 294000, 0),
(403, '5C6E898C3E', '2019-02-21 00:00:00', '1', '380', 'Cash', '403', '', 189000, 189000, 0),
(404, '5C6E89C81D', '2019-02-21 00:00:00', '1', '381', 'Cash', '404', '', 189000, 189000, 0),
(405, '5C6E8A1950', '2019-02-21 00:00:00', '1', '258', 'Cash', '405', '', 945000, 945000, 0),
(406, '5C6E8A51E4', '2019-02-21 00:00:00', '1', '275', 'Cash', '406', '', 1890000, 1890000, 0),
(407, '5C6E8ADF58', '2019-02-21 00:00:00', '1', '164', 'Cash', '407', '', 1890000, 1890000, 0),
(408, '5C6E8B100D', '2019-02-21 00:00:00', '1', '131', 'Cash', '408', '', 756000, 756000, 0),
(409, '5C6FD73A4B', '2019-02-22 00:00:00', '1', '258', 'Cash', '409', '', 378000, 378000, 0),
(410, '5C6FD75C0C', '2019-02-22 00:00:00', '1', '374', 'Cash', '410', '', 189000, 189000, 0),
(411, '5C6FD775C2', '2019-02-22 00:00:00', '1', '382', 'Cash', '411', '', 189000, 189000, 0),
(412, '5C71330525', '2019-02-23 00:00:00', '1', '383', 'Cash', '412', '', 378000, 378000, 0),
(413, '5C7134DB1E', '2019-02-23 00:00:00', '1', '384', 'Cash', '413', '', 756000, 756000, 0),
(414, '5C7135F013', '2019-02-23 00:00:00', '1', '373', 'Cash', '414', '', 567000, 567000, 0),
(415, '5C71365EA1', '2019-02-23 00:00:00', '1', '385', 'Cash', '415', '', 189000, 189000, 0),
(416, '5C71369C66', '2019-02-23 00:00:00', '1', '386', 'Cash', '416', '', 189000, 189000, 0),
(417, '5C74E0B916', '2019-02-26 00:00:00', '1', '387', 'Cash', '417', '', 189000, 189000, 0),
(418, '5C74E13E52', '2019-02-26 00:00:00', '1', '131', 'Cash', '418', '', 567000, 567000, 0),
(419, '5C74E176BA', '2019-02-26 00:00:00', '1', '388', 'Cash', '419', '', 189000, 189000, 0),
(420, '5C74E1C221', '2019-02-26 00:00:00', '1', '389', 'Cash', '420', '', 567000, 567000, 0),
(421, '5C74E1FD82', '2019-02-26 00:00:00', '1', '390', 'Cash', '421', '', 378000, 378000, 0),
(422, '5C74E24138', '2019-02-26 00:00:00', '1', '391', 'Cash', '422', '', 567000, 567000, 0),
(423, '5C74E29092', '2019-02-26 00:00:00', '1', '392', 'Cash', '423', '', 378000, 378000, 0),
(424, '5C74E2EF60', '2019-02-26 00:00:00', '1', '393', 'Cash', '424', '', 189000, 189000, 0),
(425, '5C74E412AA', '2019-02-26 00:00:00', '1', '394', 'Cash', '425', '', 189000, 189000, 0),
(426, '5C74E5E375', '2019-02-26 00:00:00', '1', '395', 'Cash', '426', '', 189000, 189000, 0),
(427, '5C74E62634', '2019-02-26 00:00:00', '1', '396', 'Cash', '427', '', 378000, 378000, 0),
(428, '5C74E6EE9A', '2019-02-26 00:00:00', '1', '397', 'Cash', '428', '', 378000, 378000, 0),
(429, '5C74E7273B', '2019-02-26 00:00:00', '1', '398', 'Cash', '429', '', 189000, 189000, 0),
(430, '5C74E7696C', '2019-02-26 00:00:00', '1', '185', 'Cash', '430', '', 378000, 378000, 0),
(431, '5C74E7982C', '2019-02-26 00:00:00', '1', '399', 'Cash', '431', '', 567000, 567000, 0),
(432, '5C74E7F2A0', '2019-02-26 00:00:00', '1', '400', 'Cash', '432', '', 189000, 189000, 0),
(433, '5C74E884BB', '2019-02-26 00:00:00', '1', '149', 'Cash', '433', '', 1617000, 1617000, 0),
(434, '5C74E9C0AC', '2019-02-26 00:00:00', '1', '258', 'Cash', '434', '', 2065000, 2065000, 0),
(435, '5C7515200F', '2019-02-26 00:00:00', '1', '258', 'Cash', '435', '', 189000, 189000, 0),
(436, '5C75153966', '2019-02-26 00:00:00', '1', '401', 'Cash', '436', '', 189000, 189000, 0),
(437, '5C751629EF', '2019-02-26 00:00:00', '1', '402', 'Cash', '437', '', 189000, 189000, 0),
(438, '5C751660E3', '2019-02-26 00:00:00', '1', '258', 'Cash', '438', '', 945000, 945000, 0),
(439, '5C751F9831', '2019-02-26 00:00:00', '1', '258', 'Cash', '439', '', 378000, 378000, 0),
(440, '5C765F0A9B', '2019-02-27 00:00:00', '1', '403', 'Cash', '440', '', 189000, 189000, 0),
(441, '5C765F4B16', '2019-02-27 00:00:00', '1', '404', 'Cash', '441', '', 189000, 189000, 0),
(442, '5C765F8448', '2019-02-27 00:00:00', '1', '405', 'Cash', '442', '', 189000, 189000, 0),
(443, '5C765FDB3F', '2019-02-27 00:00:00', '1', '406', 'Cash', '443', '', 175000, 175000, 0),
(444, '5C76606314', '2019-02-27 00:00:00', '1', '407', 'Cash', '444', '', 378000, 378000, 0),
(445, '5C766FFC57', '2019-02-27 00:00:00', '1', '258', 'Cash', '445', '', 1512000, 1512000, 0),
(446, '5C7745EE6D', '2019-02-28 00:00:00', '1', '149', 'Cash', '446', '', 2772000, 2772000, 0),
(447, '5C7789097C', '2019-02-28 00:00:00', '1', '202', 'Cash', '447', 'X ADELE 10PCS', 945000, 945000, 0),
(448, '5C77895976', '2019-02-28 00:00:00', '1', '205', 'Cash', '448', 'X ADELE 1PCS', 672000, 672000, 0),
(449, '5C7789B068', '2019-02-28 00:00:00', '1', '205', 'Cash', '449', '', 189000, 189000, 0),
(450, '5C7789EB1B', '2019-02-28 00:00:00', '1', '408', 'Cash', '450', 'X ADEL 3PCS', 378000, 378000, 0),
(451, '5C778A4F37', '2019-02-28 00:00:00', '1', '409', 'Cash', '451', '', 378000, 378000, 0),
(452, '5C778B1307', '2019-02-28 00:00:00', '1', '410', 'Cash', '452', '', 378000, 378000, 0),
(453, '5C778B9A25', '2019-02-28 00:00:00', '1', '195', 'Cash', '453', 'X ADEL 4PCS', 378000, 378000, 0),
(454, '5C77900702', '2019-02-28 00:00:00', '1', '411', 'Cash', '454', 'X ADEL 1', 756000, 756000, 0),
(455, '5C77907793', '2019-02-28 00:00:00', '1', '258', 'Cash', '455', '', 3213000, 3213000, 0),
(456, '5C77C52191', '2019-02-28 00:00:00', '1', '258', 'Cash', '456', '', 2079000, 2079000, 0),
(457, '5C77D19E35', '2019-02-28 00:00:00', '1', '412', 'Cash', '457', '', 378000, 378000, 0),
(458, '5C77D1EAD3', '2019-02-28 00:00:00', '1', '413', 'Cash', '458', '', 189000, 189000, 0),
(459, '5C77D2200C', '2019-02-28 00:00:00', '1', '414', 'Cash', '459', '', 189000, 189000, 0),
(460, '5C77D2508A', '2019-02-28 00:00:00', '1', '415', 'Cash', '460', '', 378000, 378000, 0),
(461, '5C77D2912D', '2019-02-28 00:00:00', '1', '416', 'Cash', '461', '', 189000, 189000, 0),
(462, '5C78E28D9B', '2019-03-01 00:00:00', '1', '258', 'Cash', '462', '', 567000, 567000, 0),
(463, '5C78E3508E', '2019-03-01 00:00:00', '1', '417', 'Cash', '463', '', 378000, 378000, 0),
(464, '5C7E0227BF', '2019-03-05 00:00:00', '1', '174', 'Cash', '464', '', 378000, 378000, 0),
(465, '5C7E0297EE', '2019-03-05 00:00:00', '1', '98', 'Cash', '465', '', 378000, 378000, 0),
(466, '5C7E02D3BE', '2019-03-05 00:00:00', '1', '418', 'Cash', '466', '', 189000, 189000, 0),
(467, '5C7E0C04A6', '2019-03-05 00:00:00', '1', '419', 'Cash', '467', '', 189000, 189000, 0),
(468, '5C7E0C4F0F', '2019-03-05 00:00:00', '1', '420', 'Cash', '468', '', 189000, 189000, 0),
(469, '5C7E229FD5', '2019-03-05 00:00:00', '1', '421', 'Cash', '469', '', 315000, 315000, 0),
(470, '5C7E230047', '2019-03-05 00:00:00', '1', '422', 'Cash', '470', '', 189000, 189000, 0),
(471, '5C7E239CF2', '2019-03-05 00:00:00', '1', '423', 'Cash', '471', '', 189000, 189000, 0),
(472, '5C7E23EA02', '2019-03-05 00:00:00', '1', '374', 'Cash', '472', '', 378000, 378000, 0),
(473, '5C7E24240E', '2019-03-05 00:00:00', '1', '424', 'Cash', '473', '', 567000, 567000, 0),
(474, '5C7F9D7B8B', '2019-03-06 00:00:00', '1', '258', 'Cash', '474', '', 3472000, 3472000, 0),
(475, '5C824E853C', '2019-03-08 00:00:00', '1', '425', 'Cash', '475', '', 945000, 945000, 0),
(476, '5C824F1307', '2019-03-08 00:00:00', '1', '149', 'Cash', '476', '', 378000, 378000, 0),
(484, '098409EAC2', '2020-03-17 16:28:39', '1', '424', 'Cash', '', '', 200000, 200000, 0),
(488, '1D65E1F546', '2020-03-18 00:00:00', '1', '', 'Cash', '', '', 757000, 1000000, 0),
(493, '985BFB77E7', '2020-03-24 00:00:00', '2', '430', 'Cash', '', 'test', 359100, 500000, 0),
(494, 'B120CD8F47', '2020-03-25 00:00:00', '2', '430', 'Cash', '', 'test', 368550, 400000, 0);

-- --------------------------------------------------------

--
-- Table structure for table `tr_penjualan_item`
--

CREATE TABLE IF NOT EXISTS `tr_penjualan_item` (
`id` int(6) NOT NULL,
  `id_penjualan` char(10) NOT NULL,
  `id_barang` char(7) NOT NULL,
  `harga_penjualan` int(10) NOT NULL,
  `jumlah_penjualan` int(10) NOT NULL,
  `diskon_penjualan` int(5) NOT NULL
) ENGINE=MyISAM AUTO_INCREMENT=1022 DEFAULT CHARSET=latin1 ROW_FORMAT=FIXED;

--
-- Dumping data for table `tr_penjualan_item`
--

INSERT INTO `tr_penjualan_item` (`id`, `id_penjualan`, `id_barang`, `harga_penjualan`, `jumlah_penjualan`, `diskon_penjualan`) VALUES
(1, '1', '24', 189000, 1, 0),
(2, '2', '24', 189000, 1, 0),
(3, '3', '34', 249000, 1, 0),
(4, '4', '10', 189000, 1, 0),
(5, '5', '10', 189000, 1, 0),
(6, '6', '42', 215000, 1, 0),
(7, '6', '13', 215000, 1, 0),
(8, '7', '42', 215000, 1, 0),
(9, '8', '41', 189000, 1, 0),
(10, '9', '41', 189000, 1, 0),
(11, '10', '41', 189000, 1, 0),
(12, '11', '13', 215000, 1, 0),
(13, '11', '43', 189000, 1, 0),
(14, '12', '6', 189000, 1, 0),
(15, '13', '7', 189000, 1, 0),
(16, '14', '44', 189000, 1, 0),
(17, '14', '17', 189000, 1, 0),
(18, '15', '6', 189000, 1, 0),
(19, '15', '10', 189000, 1, 0),
(20, '16', '41', 189000, 1, 0),
(21, '17', '18', 70000, 1, 0),
(22, '17', '19', 70000, 1, 0),
(23, '17', '21', 70000, 1, 0),
(24, '18', '18', 70000, 1, 0),
(25, '18', '19', 70000, 1, 0),
(26, '19', '41', 189000, 1, 0),
(27, '20', '41', 189000, 1, 0),
(28, '21', '41', 189000, 1, 0),
(29, '22', '41', 189000, 1, 0),
(30, '23', '41', 189000, 1, 0),
(31, '24', '22', 70000, 1, 0),
(32, '25', '41', 189000, 1, 0),
(33, '26', '17', 189000, 1, 0),
(34, '27', '41', 189000, 1, 0),
(35, '28', '41', 189000, 6, 0),
(36, '29', '41', 189000, 1, 0),
(37, '30', '41', 189000, 1, 0),
(38, '30', '12', 215000, 1, 0),
(39, '31', '18', 70000, 1, 0),
(40, '31', '20', 70000, 1, 0),
(41, '31', '23', 70000, 1, 0),
(42, '32', '14', 215000, 1, 0),
(43, '32', '7', 189000, 1, 0),
(44, '33', '41', 189000, 1, 0),
(45, '34', '14', 215000, 1, 0),
(46, '35', '41', 189000, 1, 0),
(47, '35', '11', 215000, 1, 0),
(48, '36', '7', 189000, 1, 0),
(49, '37', '41', 189000, 1, 0),
(50, '38', '45', 189000, 1, 0),
(51, '38', '7', 189000, 1, 0),
(52, '38', '8', 189000, 1, 0),
(53, '38', '16', 189000, 1, 0),
(54, '39', '6', 189000, 1, 0),
(55, '40', '6', 189000, 1, 0),
(56, '41', '41', 189000, 1, 0),
(57, '42', '41', 189000, 1, 0),
(58, '43', '41', 189000, 1, 0),
(59, '43', '11', 215000, 1, 0),
(60, '43', '12', 215000, 1, 0),
(61, '43', '14', 215000, 1, 0),
(62, '44', '41', 189000, 1, 0),
(63, '44', '11', 215000, 1, 0),
(64, '45', '6', 189000, 1, 0),
(65, '45', '7', 189000, 1, 0),
(66, '46', '6', 189000, 1, 0),
(67, '46', '8', 189000, 1, 0),
(68, '47', '6', 189000, 1, 0),
(69, '47', '8', 189000, 1, 0),
(70, '48', '12', 215000, 1, 0),
(71, '49', '17', 189000, 1, 0),
(72, '49', '7', 189000, 1, 0),
(73, '50', '6', 175000, 1, 0),
(74, '51', '8', 175000, 1, 0),
(75, '51', '9', 175000, 1, 0),
(76, '52', '6', 175000, 1, 0),
(77, '52', '7', 175000, 1, 0),
(78, '53', '6', 175000, 1, 0),
(79, '54', '41', 175000, 1, 0),
(80, '54', '20', 70000, 1, 0),
(81, '55', '6', 175000, 1, 0),
(82, '56', '8', 175000, 1, 0),
(83, '56', '9', 175000, 1, 0),
(84, '57', '11', 215000, 1, 0),
(85, '57', '14', 215000, 1, 0),
(86, '57', '6', 189000, 1, 0),
(87, '57', '7', 189000, 1, 0),
(88, '58', '11', 200000, 1, 0),
(89, '58', '7', 175000, 1, 0),
(90, '59', '6', 175000, 1, 0),
(91, '60', '6', 150000, 1, 0),
(92, '61', '7', 175000, 1, 0),
(93, '62', '6', 189000, 1, 0),
(94, '63', '6', 175000, 1, 0),
(95, '63', '7', 175000, 1, 0),
(96, '64', '8', 175000, 1, 0),
(97, '65', '7', 189000, 1, 0),
(98, '65', '19', 70000, 1, 0),
(99, '65', '21', 70000, 1, 0),
(100, '65', '46', 70000, 1, 0),
(101, '66', '8', 189000, 1, 0),
(102, '66', '12', 215000, 1, 0),
(103, '67', '6', 175000, 1, 0),
(104, '68', '6', 175000, 1, 0),
(105, '69', '12', 200000, 1, 0),
(106, '70', '8', 175000, 1, 0),
(107, '71', '9', 175000, 1, 0),
(108, '72', '6', 175000, 1, 0),
(109, '72', '8', 175000, 1, 0),
(110, '73', '45', 175000, 1, 0),
(111, '74', '9', 175000, 1, 0),
(112, '75', '7', 175000, 1, 0),
(113, '76', '19', 70000, 1, 0),
(114, '77', '8', 189000, 1, 0),
(115, '78', '6', 189000, 1, 0),
(116, '79', '7', 189000, 1, 0),
(117, '80', '6', 189000, 1, 0),
(118, '81', '7', 189000, 1, 0),
(119, '82', '18', 70000, 1, 0),
(120, '82', '19', 70000, 1, 0),
(121, '82', '23', 70000, 1, 0),
(122, '83', '7', 189000, 1, 0),
(123, '84', '41', 189000, 1, 0),
(124, '85', '15', 189000, 1, 0),
(125, '86', '6', 189000, 1, 0),
(126, '87', '6', 189000, 1, 0),
(127, '88', '6', 189000, 1, 0),
(128, '89', '6', 189000, 1, 0),
(129, '89', '9', 189000, 1, 0),
(130, '90', '6', 189000, 1, 0),
(131, '90', '7', 189000, 1, 0),
(132, '91', '11', 215000, 1, 0),
(133, '91', '6', 189000, 1, 0),
(134, '91', '7', 189000, 1, 0),
(135, '91', '47', 189000, 1, 0),
(136, '92', '7', 189000, 1, 0),
(137, '92', '11', 215000, 1, 0),
(138, '93', '48', 189000, 1, 0),
(139, '93', '51', 189000, 1, 0),
(140, '94', '7', 189000, 1, 0),
(141, '95', '49', 189000, 1, 0),
(142, '96', '51', 189000, 1, 0),
(143, '96', '52', 189000, 1, 0),
(144, '97', '14', 215000, 1, 0),
(145, '98', '6', 189000, 1, 0),
(146, '99', '6', 189000, 1, 0),
(147, '100', '7', 189000, 1, 0),
(148, '101', '7', 189000, 1, 0),
(149, '102', '18', 70000, 1, 0),
(150, '102', '19', 70000, 1, 0),
(151, '103', '6', 189000, 1, 0),
(152, '103', '7', 189000, 1, 0),
(153, '103', '9', 189000, 1, 0),
(154, '104', '6', 189000, 1, 0),
(155, '104', '50', 189000, 1, 0),
(156, '104', '52', 189000, 1, 0),
(157, '105', '14', 215000, 1, 0),
(158, '106', '10', 189000, 1, 0),
(159, '107', '6', 189000, 1, 0),
(160, '108', '50', 189000, 1, 0),
(161, '108', '52', 189000, 1, 0),
(162, '109', '48', 189000, 1, 0),
(163, '110', '6', 189000, 1, 0),
(164, '110', '7', 189000, 1, 0),
(165, '111', '48', 189000, 1, 0),
(166, '111', '51', 189000, 1, 0),
(167, '111', '52', 189000, 1, 0),
(168, '112', '48', 189000, 1, 0),
(169, '112', '52', 189000, 1, 0),
(170, '113', '50', 189000, 1, 0),
(171, '114', '48', 189000, 1, 0),
(172, '115', '9', 189000, 1, 0),
(173, '116', '10', 189000, 1, 0),
(174, '117', '50', 189000, 1, 0),
(175, '118', '49', 189000, 1, 0),
(176, '119', '19', 70000, 1, 0),
(177, '119', '48', 189000, 1, 0),
(178, '119', '6', 189000, 1, 0),
(179, '120', '10', 189000, 1, 0),
(180, '120', '7', 189000, 1, 0),
(181, '121', '52', 189000, 1, 0),
(182, '122', '7', 189000, 1, 0),
(183, '123', '49', 189000, 1, 0),
(184, '124', '50', 189000, 1, 0),
(185, '125', '51', 189000, 1, 0),
(186, '126', '48', 189000, 1, 0),
(187, '127', '48', 189000, 1, 0),
(188, '127', '51', 189000, 1, 0),
(189, '127', '52', 189000, 1, 0),
(190, '128', '48', 189000, 1, 0),
(191, '128', '52', 189000, 1, 0),
(192, '129', '50', 189000, 1, 0),
(193, '130', '49', 189000, 1, 0),
(194, '131', '14', 215000, 1, 0),
(195, '132', '51', 189000, 1, 0),
(196, '133', '16', 189000, 1, 0),
(197, '133', '51', 189000, 1, 0),
(198, '134', '6', 189000, 1, 0),
(199, '134', '7', 189000, 1, 0),
(200, '135', '50', 189000, 1, 0),
(201, '136', '10', 189000, 1, 0),
(202, '136', '59', 215000, 1, 0),
(203, '137', '59', 215000, 1, 0),
(204, '137', '6', 189000, 1, 0),
(205, '138', '6', 189000, 1, 0),
(206, '138', '24', 189000, 1, 0),
(207, '139', '10', 189000, 1, 0),
(208, '139', '13', 215000, 1, 0),
(209, '140', '7', 189000, 1, 0),
(210, '140', '10', 189000, 1, 0),
(211, '140', '11', 215000, 1, 0),
(212, '140', '42', 215000, 1, 0),
(213, '140', '51', 189000, 1, 0),
(214, '140', '52', 189000, 1, 0),
(215, '141', '7', 189000, 1, 0),
(216, '141', '10', 189000, 1, 0),
(217, '142', '12', 215000, 1, 0),
(218, '143', '9', 189000, 1, 0),
(219, '143', '50', 189000, 1, 0),
(220, '144', '51', 189000, 1, 0),
(221, '145', '48', 189000, 1, 0),
(222, '146', '59', 215000, 1, 0),
(223, '147', '42', 215000, 3, 0),
(224, '147', '13', 215000, 1, 0),
(225, '148', '13', 215000, 1, 0),
(226, '149', '50', 189000, 1, 0),
(227, '150', '42', 215000, 1, 0),
(228, '151', '59', 215000, 1, 0),
(229, '151', '13', 215000, 1, 0),
(230, '152', '13', 215000, 1, 0),
(231, '153', '50', 189000, 1, 0),
(232, '153', '51', 189000, 1, 0),
(233, '154', '14', 215000, 1, 0),
(234, '154', '7', 189000, 1, 0),
(235, '155', '7', 189000, 1, 0),
(236, '156', '13', 215000, 1, 0),
(237, '157', '50', 189000, 2, 0),
(238, '158', '14', 215000, 1, 0),
(239, '158', '6', 189000, 1, 0),
(240, '158', '7', 189000, 1, 0),
(241, '158', '51', 189000, 1, 0),
(242, '159', '59', 215000, 1, 0),
(243, '160', '10', 189000, 1, 0),
(244, '160', '9', 189000, 1, 0),
(245, '161', '51', 189000, 1, 0),
(246, '162', '52', 189000, 1, 0),
(247, '163', '42', 215000, 1, 0),
(248, '164', '48', 150000, 1, 0),
(249, '164', '49', 150000, 1, 0),
(250, '164', '50', 150000, 1, 0),
(251, '164', '51', 150000, 2, 0),
(252, '164', '52', 150000, 1, 0),
(253, '164', '6', 150000, 1, 0),
(254, '164', '7', 150000, 1, 0),
(255, '164', '9', 150000, 1, 0),
(256, '164', '11', 175000, 1, 0),
(257, '164', '59', 175000, 1, 0),
(258, '165', '6', 189000, 1, 0),
(259, '165', '52', 189000, 1, 0),
(260, '166', '51', 189000, 1, 0),
(261, '167', '48', 189000, 1, 0),
(262, '168', '52', 189000, 1, 0),
(263, '169', '13', 215000, 1, 0),
(264, '170', '6', 189000, 1, 0),
(265, '170', '19', 70000, 1, 0),
(266, '171', '41', 189000, 1, 0),
(267, '172', '59', 215000, 1, 0),
(268, '173', '13', 215000, 1, 0),
(269, '174', '41', 189000, 1, 0),
(270, '175', '48', 189000, 1, 0),
(271, '175', '52', 189000, 1, 0),
(272, '175', '51', 189000, 1, 0),
(273, '175', '6', 189000, 1, 0),
(274, '175', '10', 189000, 1, 0),
(275, '176', '50', 189000, 1, 0),
(276, '176', '51', 189000, 1, 0),
(277, '176', '52', 189000, 1, 0),
(278, '176', '59', 215000, 1, 0),
(279, '176', '7', 189000, 1, 0),
(280, '177', '51', 189000, 1, 0),
(281, '178', '19', 68000, 3, 0),
(282, '178', '18', 68000, 5, 0),
(283, '178', '48', 150000, 1, 0),
(284, '178', '49', 150000, 2, 0),
(285, '178', '50', 150000, 2, 0),
(286, '178', '51', 150000, 1, 0),
(287, '178', '52', 150000, 1, 0),
(288, '179', '24', 189000, 1, 0),
(289, '180', '24', 189000, 1, 0),
(290, '181', '24', 189000, 1, 0),
(291, '182', '24', 189000, 1, 0),
(292, '183', '24', 189000, 1, 0),
(293, '184', '58', 189000, 1, 0),
(294, '185', '49', 189000, 1, 0),
(295, '185', '52', 189000, 1, 0),
(296, '186', '63', 100000, 1, 0),
(297, '186', '61', 100000, 1, 0),
(298, '186', '64', 100000, 1, 0),
(299, '187', '51', 189000, 1, 0),
(300, '187', '52', 189000, 1, 0),
(301, '187', '6', 189000, 1, 0),
(302, '188', '24', 189000, 1, 0),
(303, '189', '48', 230000, 1, 0),
(304, '190', '48', 189000, 1, 0),
(305, '191', '62', 100000, 1, 0),
(306, '191', '63', 100000, 1, 0),
(307, '191', '64', 100000, 1, 0),
(308, '192', '16', 151200, 1, 0),
(309, '192', '43', 151200, 1, 0),
(310, '193', '62', 95000, 1, 0),
(311, '193', '64', 95000, 1, 0),
(312, '193', '61', 95000, 1, 0),
(313, '193', '24', 175000, 1, 0),
(314, '193', '12', 195000, 1, 0),
(315, '193', '50', 175000, 1, 0),
(316, '194', '49', 189000, 1, 0),
(317, '195', '16', 189000, 1, 0),
(318, '196', '49', 189000, 1, 0),
(319, '197', '63', 105000, 1, 0),
(320, '198', '7', 189000, 1, 0),
(321, '199', '51', 189000, 1, 0),
(322, '200', '24', 175000, 1, 0),
(323, '200', '7', 175000, 1, 0),
(324, '200', '12', 195000, 1, 0),
(325, '200', '48', 175000, 1, 0),
(326, '200', '49', 175000, 1, 0),
(327, '200', '50', 175000, 1, 0),
(328, '200', '51', 175000, 1, 0),
(329, '200', '52', 175000, 1, 0),
(330, '200', '53', 175000, 1, 0),
(331, '200', '54', 175000, 1, 0),
(332, '200', '62', 95000, 1, 0),
(333, '200', '64', 95000, 1, 0),
(334, '200', '63', 95000, 1, 0),
(335, '200', '61', 95000, 1, 0),
(336, '201', '6', 175000, 2, 0),
(337, '201', '50', 175000, 1, 0),
(338, '201', '16', 175000, 1, 0),
(339, '202', '62', 105000, 1, 0),
(340, '202', '66', 105000, 1, 0),
(341, '202', '65', 105000, 1, 0),
(342, '203', '63', 95000, 1, 0),
(343, '203', '64', 95000, 1, 0),
(344, '203', '67', 95000, 1, 0),
(345, '203', '61', 95000, 1, 0),
(346, '203', '65', 95000, 1, 0),
(347, '203', '62', 95000, 1, 0),
(348, '203', '66', 95000, 1, 0),
(349, '203', '49', 175000, 1, 0),
(350, '203', '48', 175000, 1, 0),
(351, '203', '50', 175000, 1, 0),
(352, '203', '51', 175000, 1, 0),
(353, '203', '7', 175000, 1, 0),
(354, '203', '54', 175000, 1, 0),
(355, '203', '55', 175000, 1, 0),
(356, '204', '67', 105000, 1, 0),
(357, '204', '64', 105000, 1, 0),
(358, '205', '51', 189000, 1, 0),
(359, '205', '67', 105000, 1, 0),
(360, '206', '24', 189000, 1, 0),
(361, '207', '65', 105000, 1, 0),
(362, '207', '66', 105000, 1, 0),
(363, '207', '58', 189000, 1, 0),
(364, '208', '67', 105000, 1, 0),
(365, '208', '51', 189000, 1, 0),
(366, '208', '63', 105000, 1, 0),
(367, '209', '63', 105000, 1, 0),
(368, '210', '48', 189000, 1, 0),
(369, '211', '60', 105000, 1, 0),
(370, '212', '50', 189000, 1, 0),
(371, '213', '63', 105000, 1, 0),
(372, '213', '64', 105000, 1, 0),
(373, '213', '67', 105000, 1, 0),
(374, '213', '62', 105000, 1, 0),
(375, '214', '66', 105000, 1, 0),
(376, '215', '63', 105000, 1, 0),
(377, '215', '64', 105000, 1, 0),
(378, '215', '62', 105000, 1, 0),
(379, '215', '67', 105000, 1, 0),
(380, '216', '60', 105000, 1, 0),
(381, '216', '61', 105000, 1, 0),
(382, '216', '67', 105000, 1, 0),
(383, '217', '63', 105000, 1, 0),
(384, '218', '64', 105000, 1, 0),
(385, '219', '10', 189000, 1, 0),
(386, '220', '66', 105000, 1, 0),
(387, '220', '62', 105000, 1, 0),
(388, '221', '6', 189000, 1, 0),
(389, '221', '24', 189000, 1, 0),
(390, '222', '67', 105000, 1, 0),
(391, '222', '63', 105000, 1, 0),
(392, '222', '64', 105000, 1, 0),
(393, '223', '67', 100000, 1, 0),
(394, '223', '60', 100000, 5, 0),
(395, '223', '66', 100000, 1, 0),
(396, '223', '53', 180000, 3, 0),
(397, '223', '65', 100000, 2, 0),
(398, '223', '61', 100000, 1, 0),
(399, '223', '63', 100000, 1, 0),
(400, '224', '24', 189000, 1, 0),
(401, '224', '6', 189000, 1, 0),
(402, '224', '7', 189000, 1, 0),
(403, '224', '12', 215000, 1, 0),
(404, '225', '64', 105000, 1, 0),
(405, '225', '63', 105000, 1, 0),
(406, '225', '67', 105000, 1, 0),
(407, '225', '66', 105000, 1, 0),
(408, '225', '65', 105000, 1, 0),
(409, '225', '62', 105000, 1, 0),
(410, '225', '61', 105000, 1, 0),
(411, '225', '60', 105000, 1, 0),
(412, '226', '10', 189000, 1, 0),
(413, '227', '18', 70000, 1, 0),
(414, '227', '67', 105000, 1, 0),
(415, '227', '63', 105000, 1, 0),
(416, '228', '67', 105000, 1, 0),
(417, '228', '64', 105000, 1, 0),
(418, '228', '51', 189000, 1, 0),
(419, '229', '67', 105000, 1, 0),
(420, '229', '51', 189000, 1, 0),
(421, '229', '65', 105000, 1, 0),
(422, '229', '63', 105000, 1, 0),
(423, '229', '64', 105000, 1, 0),
(424, '230', '67', 100000, 1, 0),
(425, '230', '64', 100000, 1, 0),
(426, '230', '63', 100000, 1, 0),
(427, '231', '61', 105000, 1, 0),
(428, '231', '62', 105000, 1, 0),
(429, '231', '48', 189000, 2, 0),
(430, '232', '67', 105000, 1, 0),
(431, '233', '24', 189000, 1, 0),
(432, '234', '62', 105000, 1, 0),
(433, '235', '64', 85000, 3, 0),
(434, '235', '63', 85000, 3, 0),
(435, '235', '61', 85000, 3, 0),
(436, '235', '66', 85000, 3, 0),
(437, '235', '65', 85000, 2, 0),
(438, '235', '60', 85000, 2, 0),
(439, '235', '67', 85000, 3, 0),
(440, '235', '62', 85000, 2, 0),
(441, '236', '66', 105000, 1, 0),
(442, '236', '67', 105000, 1, 0),
(443, '237', '53', 189000, 1, 0),
(444, '237', '61', 105000, 1, 0),
(445, '237', '67', 105000, 1, 0),
(446, '237', '66', 105000, 1, 0),
(447, '238', '53', 189000, 1, 0),
(448, '239', '48', 189000, 1, 0),
(449, '240', '48', 150000, 3, 0),
(450, '240', '49', 150000, 2, 0),
(451, '240', '50', 150000, 2, 0),
(452, '240', '51', 150000, 3, 0),
(453, '240', '52', 150000, 2, 0),
(454, '240', '6', 150000, 2, 0),
(455, '240', '7', 150000, 2, 0),
(456, '240', '8', 150000, 2, 0),
(457, '240', '9', 150000, 2, 0),
(458, '240', '10', 150000, 2, 0),
(459, '240', '12', 175000, 2, 0),
(460, '240', '42', 175000, 2, 0),
(461, '240', '14', 175000, 1, 0),
(462, '240', '60', 85000, 2, 0),
(463, '240', '62', 85000, 3, 0),
(464, '240', '63', 85000, 5, 0),
(465, '240', '64', 85000, 6, 0),
(466, '240', '67', 85000, 4, 0),
(467, '240', '65', 85000, 3, 0),
(468, '240', '61', 85000, 4, 0),
(469, '240', '66', 85000, 3, 0),
(470, '240', '24', 150000, 2, 0),
(471, '241', '60', 105000, 1, 0),
(472, '241', '61', 105000, 1, 0),
(473, '242', '18', 70000, 1, 0),
(474, '243', '53', 189000, 1, 0),
(475, '243', '54', 189000, 1, 0),
(476, '243', '55', 189000, 1, 0),
(477, '243', '56', 189000, 1, 0),
(478, '244', '65', 105000, 1, 0),
(479, '245', '10', 189000, 1, 0),
(480, '246', '60', 105000, 1, 0),
(481, '246', '63', 105000, 1, 0),
(482, '246', '61', 105000, 1, 0),
(483, '247', '67', 105000, 1, 0),
(484, '247', '65', 105000, 1, 0),
(485, '247', '62', 105000, 1, 0),
(486, '248', '48', 189000, 1, 0),
(487, '249', '64', 105000, 1, 0),
(488, '249', '63', 105000, 1, 0),
(489, '249', '67', 105000, 1, 0),
(490, '250', '66', 105000, 1, 0),
(491, '251', '7', 189000, 1, 0),
(492, '251', '10', 189000, 1, 0),
(493, '252', '64', 105000, 1, 0),
(494, '252', '62', 105000, 1, 0),
(495, '252', '61', 105000, 1, 0),
(496, '252', '66', 105000, 1, 0),
(497, '252', '67', 105000, 1, 0),
(498, '252', '63', 105000, 1, 0),
(499, '253', '10', 189000, 1, 0),
(500, '254', '62', 105000, 1, 0),
(501, '255', '6', 189000, 1, 0),
(502, '256', '53', 189000, 1, 0),
(503, '257', '24', 189000, 1, 0),
(504, '258', '63', 105000, 1, 0),
(505, '258', '61', 105000, 2, 0),
(506, '258', '66', 105000, 1, 0),
(507, '259', '53', 189000, 1, 0),
(508, '260', '53', 189000, 1, 0),
(509, '260', '51', 189000, 1, 0),
(510, '260', '7', 189000, 1, 0),
(511, '261', '64', 105000, 1, 0),
(512, '261', '67', 105000, 1, 0),
(513, '261', '65', 105000, 1, 0),
(514, '262', '41', 189000, 1, 0),
(515, '262', '55', 189000, 1, 0),
(516, '263', '50', 189000, 1, 0),
(517, '264', '60', 105000, 1, 0),
(518, '264', '64', 105000, 1, 0),
(519, '265', '6', 189000, 1, 0),
(520, '265', '63', 105000, 2, 0),
(521, '265', '61', 105000, 1, 0),
(522, '266', '6', 189000, 1, 0),
(523, '266', '48', 189000, 1, 0),
(524, '266', '51', 189000, 1, 0),
(525, '266', '52', 189000, 1, 0),
(526, '267', '53', 189000, 1, 0),
(527, '267', '54', 189000, 1, 0),
(528, '267', '55', 189000, 1, 0),
(529, '267', '56', 189000, 1, 0),
(530, '268', '52', 189000, 1, 0),
(531, '269', '53', 189000, 1, 0),
(532, '270', '61', 105000, 1, 0),
(533, '270', '66', 105000, 1, 0),
(534, '270', '65', 105000, 1, 0),
(535, '271', '41', 189000, 1, 0),
(536, '272', '50', 189000, 1, 0),
(537, '273', '51', 189000, 3, 0),
(538, '273', '50', 189000, 1, 0),
(539, '274', '55', 189000, 3, 0),
(540, '275', '6', 189000, 1, 0),
(541, '275', '52', 189000, 1, 0),
(542, '275', '50', 189000, 1, 0),
(543, '276', '12', 215000, 1, 0),
(544, '277', '10', 189000, 1, 0),
(545, '278', '56', 189000, 1, 0),
(546, '278', '53', 189000, 1, 0),
(547, '278', '48', 189000, 1, 0),
(548, '279', '51', 189000, 1, 0),
(549, '279', '57', 189000, 1, 0),
(550, '280', '49', 189000, 1, 0),
(551, '280', '12', 215000, 1, 0),
(552, '280', '18', 70000, 1, 0),
(553, '280', '65', 105000, 1, 0),
(554, '281', '12', 215000, 1, 0),
(555, '281', '41', 189000, 1, 0),
(556, '282', '55', 189000, 1, 0),
(557, '283', '65', 105000, 1, 0),
(558, '283', '66', 105000, 1, 0),
(559, '283', '61', 105000, 1, 0),
(560, '284', '62', 105000, 1, 0),
(561, '284', '66', 105000, 1, 0),
(562, '285', '55', 189000, 1, 0),
(563, '286', '50', 189000, 2, 0),
(564, '287', '41', 189000, 1, 0),
(565, '287', '52', 189000, 1, 0),
(566, '287', '62', 105000, 1, 0),
(567, '287', '53', 189000, 2, 0),
(568, '287', '65', 105000, 1, 0),
(569, '287', '66', 105000, 1, 0),
(570, '287', '60', 105000, 1, 0),
(571, '287', '61', 105000, 1, 0),
(572, '287', '24', 189000, 1, 0),
(573, '288', '41', 189000, 2, 0),
(574, '288', '53', 189000, 1, 0),
(575, '289', '66', 105000, 1, 0),
(576, '289', '62', 105000, 1, 0),
(577, '290', '53', 189000, 1, 0),
(578, '291', '48', 189000, 1, 0),
(579, '291', '52', 189000, 1, 0),
(580, '291', '53', 189000, 1, 0),
(581, '291', '41', 189000, 1, 0),
(582, '292', '53', 189000, 2, 0),
(583, '292', '51', 189000, 1, 0),
(584, '292', '52', 189000, 1, 0),
(585, '292', '41', 189000, 1, 0),
(586, '292', '54', 189000, 1, 0),
(587, '292', '55', 189000, 1, 0),
(588, '293', '50', 189000, 1, 0),
(589, '293', '52', 189000, 1, 0),
(590, '293', '53', 189000, 2, 0),
(591, '293', '54', 189000, 2, 0),
(592, '293', '55', 189000, 3, 0),
(593, '293', '10', 189000, 1, 0),
(594, '293', '41', 189000, 1, 0),
(595, '294', '48', 189000, 1, 0),
(596, '294', '49', 189000, 1, 0),
(597, '294', '50', 189000, 1, 0),
(598, '294', '51', 189000, 1, 0),
(599, '294', '52', 189000, 1, 0),
(600, '294', '53', 189000, 1, 0),
(601, '294', '54', 189000, 1, 0),
(602, '294', '55', 189000, 1, 0),
(603, '294', '56', 189000, 2, 0),
(604, '294', '57', 189000, 2, 0),
(605, '294', '41', 189000, 1, 0),
(606, '294', '10', 189000, 1, 0),
(607, '294', '7', 189000, 1, 0),
(608, '294', '6', 189000, 1, 0),
(609, '294', '16', 189000, 1, 0),
(610, '294', '15', 189000, 1, 0),
(611, '294', '24', 189000, 1, 0),
(612, '294', '12', 215000, 1, 0),
(613, '294', '66', 105000, 1, 0),
(614, '294', '60', 105000, 1, 0),
(615, '294', '61', 105000, 1, 0),
(616, '294', '65', 105000, 1, 0),
(617, '294', '62', 105000, 1, 0),
(618, '295', '50', 165000, 1, 0),
(619, '295', '55', 165000, 1, 0),
(620, '296', '53', 165000, 1, 0),
(621, '297', '53', 165000, 1, 0),
(622, '298', '53', 165000, 1, 0),
(623, '298', '56', 165000, 1, 0),
(624, '299', '48', 165000, 1, 0),
(625, '299', '53', 165000, 1, 0),
(626, '299', '54', 165000, 1, 0),
(627, '300', '49', 165000, 1, 0),
(628, '300', '54', 165000, 1, 0),
(629, '301', '54', 165000, 1, 0),
(630, '301', '55', 165000, 1, 0),
(631, '302', '52', 165000, 1, 0),
(632, '303', '52', 165000, 1, 0),
(633, '304', '54', 165000, 1, 0),
(634, '305', '51', 165000, 1, 0),
(635, '306', '51', 165000, 1, 0),
(636, '306', '55', 165000, 1, 0),
(637, '307', '51', 165000, 1, 0),
(638, '308', '53', 165000, 1, 0),
(639, '309', '48', 165000, 1, 0),
(640, '309', '56', 165000, 1, 0),
(641, '310', '52', 165000, 1, 0),
(642, '311', '53', 165000, 1, 0),
(643, '312', '52', 165000, 1, 0),
(644, '313', '52', 165000, 1, 0),
(645, '314', '51', 165000, 1, 0),
(646, '315', '49', 165000, 1, 0),
(647, '315', '52', 165000, 1, 0),
(648, '315', '65', 105000, 1, 0),
(649, '316', '50', 165000, 1, 0),
(650, '317', '53', 165000, 1, 0),
(651, '318', '53', 165000, 1, 0),
(652, '319', '52', 165000, 1, 0),
(653, '320', '52', 165000, 1, 0),
(654, '321', '56', 165000, 1, 0),
(655, '322', '51', 165000, 1, 0),
(656, '322', '52', 165000, 1, 0),
(657, '322', '57', 165000, 1, 0),
(658, '323', '51', 165000, 1, 0),
(659, '323', '54', 165000, 1, 0),
(660, '324', '48', 165000, 1, 0),
(661, '324', '54', 165000, 1, 0),
(662, '325', '53', 165000, 1, 0),
(663, '326', '53', 165000, 1, 0),
(664, '326', '55', 165000, 1, 0),
(665, '327', '53', 165000, 1, 0),
(666, '328', '57', 165000, 1, 0),
(667, '329', '53', 165000, 1, 0),
(668, '330', '53', 165000, 1, 0),
(669, '330', '56', 165000, 1, 0),
(670, '331', '54', 165000, 1, 0),
(671, '332', '48', 165000, 2, 0),
(672, '333', '52', 165000, 1, 0),
(673, '334', '53', 165000, 1, 0),
(674, '334', '55', 165000, 1, 0),
(675, '334', '66', 105000, 1, 0),
(676, '334', '61', 105000, 1, 0),
(677, '334', '64', 105000, 1, 0),
(678, '335', '48', 165000, 1, 0),
(679, '336', '53', 165000, 1, 0),
(680, '336', '54', 165000, 1, 0),
(681, '337', '52', 165000, 1, 0),
(682, '338', '53', 165000, 1, 0),
(683, '339', '49', 165000, 1, 0),
(684, '340', '52', 165000, 1, 0),
(685, '341', '53', 165000, 1, 0),
(686, '341', '56', 165000, 1, 0),
(687, '342', '49', 165000, 1, 0),
(688, '343', '53', 165000, 1, 0),
(689, '344', '51', 165000, 1, 0),
(690, '345', '53', 165000, 1, 0),
(691, '345', '56', 165000, 1, 0),
(692, '346', '54', 165000, 1, 0),
(693, '346', '55', 165000, 1, 0),
(694, '347', '51', 165000, 1, 0),
(695, '348', '55', 165000, 1, 0),
(696, '349', '51', 165000, 1, 0),
(697, '349', '53', 165000, 1, 0),
(698, '350', '48', 165000, 1, 0),
(699, '350', '56', 165000, 1, 0),
(700, '351', '49', 165000, 1, 0),
(701, '352', '50', 165000, 1, 0),
(702, '352', '51', 165000, 1, 0),
(703, '352', '52', 165000, 1, 0),
(704, '352', '53', 165000, 1, 0),
(705, '352', '54', 165000, 1, 0),
(706, '352', '41', 189000, 1, 0),
(707, '353', '50', 165000, 1, 0),
(708, '354', '55', 165000, 1, 0),
(709, '355', '50', 165000, 1, 0),
(710, '356', '53', 165000, 1, 0),
(711, '357', '51', 165000, 1, 0),
(712, '358', '53', 165000, 1, 0),
(713, '358', '55', 165000, 1, 0),
(714, '359', '53', 165000, 1, 0),
(715, '359', '55', 165000, 1, 0),
(716, '360', '48', 165000, 1, 0),
(717, '360', '52', 165000, 1, 0),
(718, '360', '55', 165000, 1, 0),
(719, '361', '55', 165000, 1, 0),
(720, '362', '57', 165000, 1, 0),
(721, '363', '55', 165000, 1, 0),
(722, '364', '51', 165000, 1, 0),
(723, '364', '57', 165000, 1, 0),
(724, '365', '50', 165000, 1, 0),
(725, '366', '52', 165000, 1, 0),
(726, '367', '48', 165000, 1, 0),
(727, '367', '51', 165000, 1, 0),
(728, '367', '57', 165000, 1, 0),
(729, '368', '48', 165000, 1, 0),
(730, '369', '53', 165000, 1, 0),
(731, '370', '54', 165000, 1, 0),
(732, '371', '48', 165000, 1, 0),
(733, '371', '51', 165000, 1, 0),
(734, '372', '55', 165000, 1, 0),
(735, '373', '53', 165000, 1, 0),
(736, '373', '54', 165000, 1, 0),
(737, '374', '53', 165000, 1, 0),
(738, '374', '56', 165000, 1, 0),
(739, '375', '48', 165000, 1, 0),
(740, '375', '53', 165000, 1, 0),
(741, '376', '49', 165000, 1, 0),
(742, '376', '54', 165000, 1, 0),
(743, '377', '54', 165000, 1, 0),
(744, '378', '51', 189000, 1, 0),
(745, '379', '10', 189000, 1, 0),
(746, '380', '48', 189000, 1, 0),
(747, '380', '50', 189000, 1, 0),
(748, '380', '51', 189000, 1, 0),
(749, '380', '54', 189000, 1, 0),
(750, '381', '51', 189000, 1, 0),
(751, '382', '55', 189000, 1, 0),
(752, '383', '51', 189000, 1, 0),
(753, '384', '75', 189000, 1, 0),
(754, '385', '70', 189000, 1, 0),
(755, '385', '73', 189000, 1, 0),
(756, '386', '68', 189000, 1, 0),
(757, '386', '71', 189000, 1, 0),
(758, '386', '74', 189000, 1, 0),
(759, '387', '70', 189000, 1, 0),
(760, '388', '68', 189000, 1, 0),
(761, '389', '70', 189000, 1, 0),
(762, '390', '73', 189000, 1, 0),
(763, '391', '76', 189000, 1, 0),
(764, '392', '68', 189000, 1, 0),
(765, '392', '73', 189000, 1, 0),
(766, '392', '75', 189000, 1, 0),
(767, '392', '76', 189000, 1, 0),
(768, '393', '69', 189000, 1, 0),
(769, '393', '71', 189000, 1, 0),
(770, '393', '41', 189000, 1, 0),
(771, '394', '69', 189000, 1, 0),
(772, '394', '73', 189000, 1, 0),
(773, '394', '77', 189000, 1, 0),
(774, '395', '68', 189000, 1, 0),
(775, '395', '71', 189000, 1, 0),
(776, '395', '73', 189000, 1, 0),
(777, '395', '69', 189000, 1, 0),
(778, '395', '75', 189000, 1, 0),
(779, '395', '76', 189000, 1, 0),
(780, '396', '76', 189000, 1, 0),
(781, '397', '72', 189000, 1, 0),
(782, '398', '71', 189000, 1, 0),
(783, '399', '73', 189000, 1, 0),
(784, '399', '70', 189000, 1, 0),
(785, '400', '77', 189000, 1, 0),
(786, '401', '41', 189000, 1, 0),
(787, '402', '41', 189000, 1, 0),
(788, '402', '65', 105000, 1, 0),
(789, '403', '7', 189000, 1, 0),
(790, '404', '51', 189000, 1, 0),
(791, '405', '70', 189000, 2, 0),
(792, '405', '15', 189000, 1, 0),
(793, '405', '41', 189000, 1, 0),
(794, '405', '51', 189000, 1, 0),
(795, '406', '68', 189000, 1, 0),
(796, '406', '69', 189000, 1, 0),
(797, '406', '70', 189000, 1, 0),
(798, '406', '71', 189000, 1, 0),
(799, '406', '72', 189000, 1, 0),
(800, '406', '73', 189000, 1, 0),
(801, '406', '74', 189000, 1, 0),
(802, '406', '75', 189000, 1, 0),
(803, '406', '76', 189000, 1, 0),
(804, '406', '77', 189000, 1, 0),
(805, '407', '68', 189000, 1, 0),
(806, '407', '69', 189000, 1, 0),
(807, '407', '70', 189000, 1, 0),
(808, '407', '71', 189000, 1, 0),
(809, '407', '72', 189000, 1, 0),
(810, '407', '73', 189000, 1, 0),
(811, '407', '74', 189000, 1, 0),
(812, '407', '75', 189000, 1, 0),
(813, '407', '76', 189000, 1, 0),
(814, '407', '77', 189000, 1, 0),
(815, '408', '72', 189000, 1, 0),
(816, '408', '73', 189000, 1, 0),
(817, '408', '74', 189000, 1, 0),
(818, '408', '76', 189000, 1, 0),
(819, '409', '72', 189000, 1, 0),
(820, '409', '70', 189000, 1, 0),
(821, '410', '76', 189000, 1, 0),
(822, '411', '71', 189000, 1, 0),
(823, '412', '53', 189000, 1, 0),
(824, '412', '56', 189000, 1, 0),
(825, '413', '7', 189000, 1, 0),
(826, '413', '68', 189000, 1, 0),
(827, '413', '71', 189000, 1, 0),
(828, '413', '74', 189000, 1, 0),
(829, '414', '69', 189000, 1, 0),
(830, '414', '49', 189000, 1, 0),
(831, '414', '54', 189000, 1, 0),
(832, '415', '51', 189000, 1, 0),
(833, '416', '75', 189000, 1, 0),
(834, '417', '71', 189000, 1, 0),
(835, '418', '72', 189000, 1, 0),
(836, '418', '73', 189000, 1, 0),
(837, '418', '74', 189000, 1, 0),
(838, '419', '74', 189000, 1, 0),
(839, '420', '68', 189000, 1, 0),
(840, '420', '69', 189000, 1, 0),
(841, '420', '73', 189000, 1, 0),
(842, '421', '77', 189000, 1, 0),
(843, '421', '68', 189000, 1, 0),
(844, '422', '69', 189000, 1, 0),
(845, '422', '72', 189000, 1, 0),
(846, '422', '74', 189000, 1, 0),
(847, '423', '77', 189000, 1, 0),
(848, '423', '57', 189000, 1, 0),
(849, '424', '68', 189000, 1, 0),
(850, '425', '76', 189000, 1, 0),
(851, '426', '69', 189000, 1, 0),
(852, '427', '73', 189000, 1, 0),
(853, '427', '74', 189000, 1, 0),
(854, '428', '69', 189000, 1, 0),
(855, '428', '51', 189000, 1, 0),
(856, '429', '71', 189000, 1, 0),
(857, '430', '51', 189000, 1, 0),
(858, '430', '71', 189000, 1, 0),
(859, '431', '50', 189000, 1, 0),
(860, '431', '68', 189000, 1, 0),
(861, '431', '75', 189000, 1, 0),
(862, '432', '73', 189000, 1, 0),
(863, '433', '71', 189000, 2, 0),
(864, '433', '41', 189000, 1, 0),
(865, '433', '50', 189000, 1, 0),
(866, '433', '65', 105000, 1, 0),
(867, '433', '55', 189000, 1, 0),
(868, '433', '10', 189000, 1, 0),
(869, '433', '7', 189000, 1, 0),
(870, '433', '51', 189000, 1, 0),
(871, '434', '55', 189000, 1, 0),
(872, '434', '75', 189000, 1, 0),
(873, '434', '76', 189000, 3, 0),
(874, '434', '53', 189000, 1, 0),
(875, '434', '68', 189000, 1, 0),
(876, '434', '69', 189000, 1, 0),
(877, '434', '72', 189000, 1, 0),
(878, '434', '77', 189000, 1, 0),
(879, '434', '18', 70000, 1, 0),
(880, '434', '65', 105000, 1, 0),
(881, '435', '76', 189000, 1, 0),
(882, '436', '70', 189000, 1, 0),
(883, '437', '68', 189000, 1, 0),
(884, '438', '72', 189000, 1, 0),
(885, '438', '76', 189000, 1, 0),
(886, '438', '70', 189000, 1, 0),
(887, '438', '73', 189000, 1, 0),
(888, '438', '77', 189000, 1, 0),
(889, '439', '56', 189000, 1, 0),
(890, '439', '70', 189000, 1, 0),
(891, '440', '76', 189000, 1, 0),
(892, '441', '75', 189000, 1, 0),
(893, '442', '75', 189000, 1, 0),
(894, '443', '61', 105000, 1, 0),
(895, '443', '18', 70000, 1, 0),
(896, '444', '54', 189000, 1, 0),
(897, '444', '56', 189000, 1, 0),
(898, '445', '69', 189000, 1, 0),
(899, '445', '75', 189000, 2, 0),
(900, '445', '70', 189000, 1, 0),
(901, '445', '53', 189000, 1, 0),
(902, '445', '73', 189000, 1, 0),
(903, '445', '68', 189000, 1, 0),
(904, '445', '16', 189000, 1, 0),
(905, '446', '63', 105000, 1, 0),
(906, '446', '60', 105000, 1, 0),
(907, '446', '65', 105000, 1, 0),
(908, '446', '50', 189000, 1, 0),
(909, '446', '51', 189000, 1, 0),
(910, '446', '56', 189000, 1, 0),
(911, '446', '68', 189000, 1, 0),
(912, '446', '69', 189000, 2, 0),
(913, '446', '70', 189000, 1, 0),
(914, '446', '71', 189000, 1, 0),
(915, '446', '73', 189000, 1, 0),
(916, '446', '76', 189000, 1, 0),
(917, '446', '77', 189000, 2, 0),
(918, '446', '49', 189000, 1, 0),
(919, '447', '69', 189000, 1, 0),
(920, '447', '72', 189000, 1, 0),
(921, '447', '74', 189000, 1, 0),
(922, '447', '76', 189000, 1, 0),
(923, '447', '71', 189000, 1, 0),
(924, '448', '71', 189000, 1, 0),
(925, '448', '73', 189000, 1, 0),
(926, '448', '72', 189000, 1, 0),
(927, '448', '60', 105000, 1, 0),
(928, '449', '55', 189000, 1, 0),
(929, '450', '68', 189000, 1, 0),
(930, '450', '77', 189000, 1, 0),
(931, '451', '56', 189000, 1, 0),
(932, '451', '57', 189000, 1, 0),
(933, '452', '53', 189000, 1, 0),
(934, '452', '70', 189000, 1, 0),
(935, '453', '73', 189000, 1, 0),
(936, '453', '75', 189000, 1, 0),
(937, '454', '50', 189000, 1, 0),
(938, '454', '55', 189000, 1, 0),
(939, '454', '72', 189000, 1, 0),
(940, '454', '77', 189000, 1, 0),
(941, '455', '68', 189000, 1, 0),
(942, '455', '69', 189000, 4, 0),
(943, '455', '70', 189000, 3, 0),
(944, '455', '73', 189000, 2, 0),
(945, '455', '76', 189000, 3, 0),
(946, '455', '77', 189000, 1, 0),
(947, '455', '53', 189000, 2, 0),
(948, '455', '54', 189000, 1, 0),
(949, '456', '69', 189000, 1, 0),
(950, '456', '73', 189000, 2, 0),
(951, '456', '52', 189000, 2, 0),
(952, '456', '72', 189000, 1, 0),
(953, '456', '56', 189000, 1, 0),
(954, '456', '53', 189000, 1, 0),
(955, '456', '54', 189000, 1, 0),
(956, '456', '48', 189000, 1, 0),
(957, '456', '50', 189000, 1, 0),
(958, '457', '53', 189000, 1, 0),
(959, '457', '70', 189000, 1, 0),
(960, '458', '51', 189000, 1, 0),
(961, '459', '74', 189000, 1, 0),
(962, '460', '70', 189000, 1, 0),
(963, '460', '7', 189000, 1, 0),
(964, '461', '69', 189000, 1, 0),
(965, '462', '57', 189000, 1, 0),
(966, '462', '68', 189000, 1, 0),
(967, '462', '73', 189000, 1, 0),
(968, '463', '53', 189000, 2, 0),
(969, '464', '73', 189000, 1, 0),
(970, '464', '77', 189000, 1, 0),
(971, '465', '70', 189000, 1, 0),
(972, '465', '71', 189000, 1, 0),
(973, '466', '53', 189000, 1, 0),
(974, '467', '71', 189000, 1, 0),
(975, '468', '70', 189000, 1, 0),
(976, '469', '60', 105000, 1, 0),
(977, '469', '61', 105000, 1, 0),
(978, '469', '65', 105000, 1, 0),
(979, '470', '75', 189000, 1, 0),
(980, '471', '71', 189000, 1, 0),
(981, '472', '73', 189000, 1, 0),
(982, '472', '75', 189000, 1, 0),
(983, '473', '55', 189000, 2, 0),
(984, '473', '69', 189000, 1, 0),
(985, '474', '56', 189000, 2, 0),
(986, '474', '69', 189000, 2, 0),
(987, '474', '77', 189000, 4, 0),
(988, '474', '70', 189000, 1, 0),
(989, '474', '50', 189000, 1, 0),
(990, '474', '68', 189000, 2, 0),
(991, '474', '75', 189000, 1, 0),
(992, '474', '76', 189000, 1, 0),
(993, '474', '73', 189000, 2, 0),
(994, '474', '18', 70000, 1, 0),
(995, '474', '57', 189000, 1, 0),
(996, '474', '74', 189000, 1, 0),
(997, '475', '55', 189000, 2, 0),
(998, '475', '56', 189000, 1, 0),
(999, '475', '68', 189000, 1, 0),
(1000, '475', '79', 189000, 1, 0),
(1008, '484', '1', 200000, 1, 0),
(1013, '488', '3', 189000, 3, 0),
(1015, '488', '1', 200000, 2, 5),
(1014, '488', '1', 200000, 1, 5),
(1016, '488', '1', 200000, 1, 5),
(1017, '488', '1', 200000, 2, 10),
(1018, '488', '3', 189000, 1, 5),
(1019, '493', '6', 189000, 2, 5),
(1020, '494', '7', 189000, 1, 5),
(1021, '494', '6', 189000, 1, 0);

-- --------------------------------------------------------

--
-- Table structure for table `tr_penjualan_tmp`
--

CREATE TABLE IF NOT EXISTS `tr_penjualan_tmp` (
`id` int(5) NOT NULL,
  `id_barang` char(7) NOT NULL,
  `harga_penjualan` int(6) NOT NULL,
  `jumlah_penjualan` int(6) NOT NULL,
  `id_user` char(5) NOT NULL,
  `diskon_penjualan` int(5) NOT NULL
) ENGINE=MyISAM AUTO_INCREMENT=70 DEFAULT CHARSET=latin1 ROW_FORMAT=FIXED;

-- --------------------------------------------------------

--
-- Table structure for table `tr_retur_jual`
--

CREATE TABLE IF NOT EXISTS `tr_retur_jual` (
`id_retur_jual` int(4) NOT NULL,
  `kode_retur_jual` char(10) NOT NULL,
  `tgl_retur_jual` datetime NOT NULL,
  `id_penjualan` char(10) NOT NULL,
  `id_user` char(5) NOT NULL,
  `keterangan_retur_jual` text NOT NULL
) ENGINE=MyISAM AUTO_INCREMENT=6 DEFAULT CHARSET=latin1 ROW_FORMAT=DYNAMIC;

--
-- Dumping data for table `tr_retur_jual`
--

INSERT INTO `tr_retur_jual` (`id_retur_jual`, `kode_retur_jual`, `tgl_retur_jual`, `id_penjualan`, `id_user`, `keterangan_retur_jual`) VALUES
(1, 'AA2693F649', '2020-03-13 04:00:47', '473', '1', 'dsfsdf'),
(2, 'AA566B0A26', '2020-03-13 04:11:05', '472', '1', 'dfdsfdsf'),
(4, '58A93F121F', '2020-03-21 10:31:46', '474', '1', 'test'),
(5, '990BED1796', '2020-03-24 11:46:59', '493', '1', '');

-- --------------------------------------------------------

--
-- Table structure for table `tr_retur_jual_item`
--

CREATE TABLE IF NOT EXISTS `tr_retur_jual_item` (
`id` int(4) NOT NULL,
  `id_retur_jual` int(5) NOT NULL,
  `id_barang` int(4) NOT NULL,
  `harga_retur_jual` int(6) NOT NULL,
  `jumlah_retur_jual` int(6) NOT NULL,
  `alasan_retur_jual` text NOT NULL,
  `diskon_retur_jual` int(5) NOT NULL
) ENGINE=MyISAM AUTO_INCREMENT=6 DEFAULT CHARSET=latin1 ROW_FORMAT=DYNAMIC;

--
-- Dumping data for table `tr_retur_jual_item`
--

INSERT INTO `tr_retur_jual_item` (`id`, `id_retur_jual`, `id_barang`, `harga_retur_jual`, `jumlah_retur_jual`, `alasan_retur_jual`, `diskon_retur_jual`) VALUES
(1, 1, 69, 189000, 1, 'fdsfsd', 0),
(2, 2, 73, 189000, 1, 'fdsfd', 0),
(4, 4, 77, 189000, 1, 'rusak', 0),
(5, 5, 6, 189000, 2, 'dfdsf', 5);

-- --------------------------------------------------------

--
-- Table structure for table `tr_retur_jual_tmp`
--

CREATE TABLE IF NOT EXISTS `tr_retur_jual_tmp` (
`id` int(3) NOT NULL,
  `id_barang` int(8) NOT NULL,
  `harga_retur_jual` int(6) NOT NULL,
  `jumlah_retur_jual` int(4) NOT NULL,
  `alasan_retur_jual` text NOT NULL,
  `id_user` int(5) NOT NULL,
  `diskon_retur_jual` int(4) NOT NULL
) ENGINE=MyISAM AUTO_INCREMENT=11 DEFAULT CHARSET=latin1 ROW_FORMAT=DYNAMIC;

--
-- Indexes for dumped tables
--

--
-- Indexes for table `ms_barang`
--
ALTER TABLE `ms_barang`
 ADD PRIMARY KEY (`id_barang`) USING BTREE;

--
-- Indexes for table `ms_customer`
--
ALTER TABLE `ms_customer`
 ADD PRIMARY KEY (`id_customer`) USING BTREE;

--
-- Indexes for table `ms_kategori`
--
ALTER TABLE `ms_kategori`
 ADD PRIMARY KEY (`id_kategori`) USING BTREE;

--
-- Indexes for table `ms_merk`
--
ALTER TABLE `ms_merk`
 ADD PRIMARY KEY (`id_merk`) USING BTREE;

--
-- Indexes for table `ms_user`
--
ALTER TABLE `ms_user`
 ADD PRIMARY KEY (`id_user`);

--
-- Indexes for table `sys_akses`
--
ALTER TABLE `sys_akses`
 ADD PRIMARY KEY (`akses_id`) USING BTREE;

--
-- Indexes for table `sys_group`
--
ALTER TABLE `sys_group`
 ADD PRIMARY KEY (`group_id`) USING BTREE;

--
-- Indexes for table `sys_menu`
--
ALTER TABLE `sys_menu`
 ADD PRIMARY KEY (`menu_id`) USING BTREE;

--
-- Indexes for table `sys_submenu`
--
ALTER TABLE `sys_submenu`
 ADD PRIMARY KEY (`submenu_id`) USING BTREE;

--
-- Indexes for table `tr_penjualan`
--
ALTER TABLE `tr_penjualan`
 ADD PRIMARY KEY (`id_penjualan`) USING BTREE;

--
-- Indexes for table `tr_penjualan_item`
--
ALTER TABLE `tr_penjualan_item`
 ADD PRIMARY KEY (`id`) USING BTREE;

--
-- Indexes for table `tr_penjualan_tmp`
--
ALTER TABLE `tr_penjualan_tmp`
 ADD PRIMARY KEY (`id`) USING BTREE;

--
-- Indexes for table `tr_retur_jual`
--
ALTER TABLE `tr_retur_jual`
 ADD PRIMARY KEY (`id_retur_jual`) USING BTREE;

--
-- Indexes for table `tr_retur_jual_item`
--
ALTER TABLE `tr_retur_jual_item`
 ADD PRIMARY KEY (`id`);

--
-- Indexes for table `tr_retur_jual_tmp`
--
ALTER TABLE `tr_retur_jual_tmp`
 ADD PRIMARY KEY (`id`) USING BTREE;

--
-- AUTO_INCREMENT for dumped tables
--

--
-- AUTO_INCREMENT for table `ms_barang`
--
ALTER TABLE `ms_barang`
MODIFY `id_barang` int(5) NOT NULL AUTO_INCREMENT,AUTO_INCREMENT=88;
--
-- AUTO_INCREMENT for table `ms_customer`
--
ALTER TABLE `ms_customer`
MODIFY `id_customer` int(4) NOT NULL AUTO_INCREMENT,AUTO_INCREMENT=431;
--
-- AUTO_INCREMENT for table `ms_kategori`
--
ALTER TABLE `ms_kategori`
MODIFY `id_kategori` int(4) NOT NULL AUTO_INCREMENT,AUTO_INCREMENT=5;
--
-- AUTO_INCREMENT for table `ms_merk`
--
ALTER TABLE `ms_merk`
MODIFY `id_merk` int(4) NOT NULL AUTO_INCREMENT,AUTO_INCREMENT=5;
--
-- AUTO_INCREMENT for table `ms_user`
--
ALTER TABLE `ms_user`
MODIFY `id_user` int(4) NOT NULL AUTO_INCREMENT,AUTO_INCREMENT=4;
--
-- AUTO_INCREMENT for table `sys_akses`
--
ALTER TABLE `sys_akses`
MODIFY `akses_id` int(4) NOT NULL AUTO_INCREMENT,AUTO_INCREMENT=113;
--
-- AUTO_INCREMENT for table `sys_group`
--
ALTER TABLE `sys_group`
MODIFY `group_id` int(3) NOT NULL AUTO_INCREMENT,AUTO_INCREMENT=4;
--
-- AUTO_INCREMENT for table `sys_menu`
--
ALTER TABLE `sys_menu`
MODIFY `menu_id` int(3) NOT NULL AUTO_INCREMENT,AUTO_INCREMENT=5;
--
-- AUTO_INCREMENT for table `sys_submenu`
--
ALTER TABLE `sys_submenu`
MODIFY `submenu_id` int(3) NOT NULL AUTO_INCREMENT,AUTO_INCREMENT=28;
--
-- AUTO_INCREMENT for table `tr_penjualan`
--
ALTER TABLE `tr_penjualan`
MODIFY `id_penjualan` int(6) NOT NULL AUTO_INCREMENT,AUTO_INCREMENT=495;
--
-- AUTO_INCREMENT for table `tr_penjualan_item`
--
ALTER TABLE `tr_penjualan_item`
MODIFY `id` int(6) NOT NULL AUTO_INCREMENT,AUTO_INCREMENT=1022;
--
-- AUTO_INCREMENT for table `tr_penjualan_tmp`
--
ALTER TABLE `tr_penjualan_tmp`
MODIFY `id` int(5) NOT NULL AUTO_INCREMENT,AUTO_INCREMENT=70;
--
-- AUTO_INCREMENT for table `tr_retur_jual`
--
ALTER TABLE `tr_retur_jual`
MODIFY `id_retur_jual` int(4) NOT NULL AUTO_INCREMENT,AUTO_INCREMENT=6;
--
-- AUTO_INCREMENT for table `tr_retur_jual_item`
--
ALTER TABLE `tr_retur_jual_item`
MODIFY `id` int(4) NOT NULL AUTO_INCREMENT,AUTO_INCREMENT=6;
--
-- AUTO_INCREMENT for table `tr_retur_jual_tmp`
--
ALTER TABLE `tr_retur_jual_tmp`
MODIFY `id` int(3) NOT NULL AUTO_INCREMENT,AUTO_INCREMENT=11;
/*!40101 SET CHARACTER_SET_CLIENT=@OLD_CHARACTER_SET_CLIENT */;
/*!40101 SET CHARACTER_SET_RESULTS=@OLD_CHARACTER_SET_RESULTS */;
/*!40101 SET COLLATION_CONNECTION=@OLD_COLLATION_CONNECTION */;
